date, pm25, pm10, no2, co
2024/10/1, 11, 3, 3, 
2024/10/2, 11, 5, 5, 
2024/10/3, 16, 4, 5, 
2024/10/4, 17, 4, 7, 
2024/10/5, 17, 7, 5, 
2024/10/6, 25, 5, 2, 
2024/10/7, 18, , 4, 
2024/7/1, 8, 2, 1, 
2024/7/2, 6, 5, 1, 
2024/7/3, 13, 4, 2, 
2024/7/4, 14, 5, 3, 
2024/7/5, 15, 4, 1, 
2024/7/6, 14, 3, , 
2024/7/7, 10, 4, 3, 
2024/7/8, 13, 3, 1, 
2024/7/9, 11, 6, 3, 
2024/7/10, 23, 10, 3, 
2024/7/11, 36, 4, 1, 
2024/7/12, 14, 5, 1, 
2024/7/13, 17, 4, 1, 
2024/7/14, 13, 3, 2, 
2024/7/15, 10, 3, 2, 
2024/7/16, 12, 3, 1, 
2024/7/17, 13, 3, , 
2024/7/18, 10, 4, 2, 
2024/7/19, 16, 7, 3, 
2024/7/20, 25, 6, 2, 
2024/7/21, 22, 8, 3, 
2024/7/22, 30, 4, 1, 
2024/7/23, 13, 5, 1, 
2024/7/24, 19, 6, 3, 
2024/7/25, 24, 6, 2, 
2024/7/26, 22, 4, , 
2024/7/27, 14, 3, , 
2024/7/28, 11, 3, 1, 
2024/7/29, 11, 8, 2, 
2024/7/30, 27, 5, 1, 
2024/7/31, 19, 6, 2, 
2024/8/1, 20, 8, 2, 
2024/8/2, 27, 9, 2, 
2024/8/3, 35, 5, 1, 
2024/8/4, 21, 6, 2, 
2024/8/5, 20, 10, 2, 
2024/8/6, 32, 10, 3, 
2024/8/7, 35, 8, 2, 
2024/8/8, 25, 5, 1, 
2024/8/9, 20, 8, , 
2024/8/10, 26, 3, , 
2024/8/11, 11, 2, 1, 
2024/8/12, 8, 5, 2, 
2024/8/13, 14, 9, 3, 
2024/8/14, 32, 8, 3, 
2024/8/15, 30, 4, 1, 
2024/8/16, 12, 6, 2, 
2024/8/17, 20, 8, 2, 
2024/8/18, 26, 9, 3, 
2024/8/19, 28, 14, 2, 
2024/8/20, 51, 5, 2, 
2024/8/21, 17, 8, 3, 
2024/8/22, 29, 6, 2, 
2024/8/23, 21, 7, 4, 
2024/8/24, 24, 8, 1, 
2024/8/25, 26, 8, 2, 
2024/8/26, 29, 11, 3, 
2024/8/27, 36, 16, 6, 
2024/8/28, 51, 17, , 
2024/8/29, 53, 9, , 
2024/8/30, 33, 3, , 
2024/8/31, 12, 3, , 
2024/9/1, 12, 5, , 
2024/9/2, 15, 9, , 
2024/9/3, 33, 17, , 
2024/9/4, 57, 23, , 
2024/9/5, 57, 20, , 
2024/9/6, 55, 17, , 
2024/9/7, 52, 23, , 
2024/9/8, 62, 13, , 
2024/9/9, 43, 3, , 
2024/9/10, 8, , , 
2024/9/12, 9, 2, , 
2024/9/13, 6, 3, , 
2024/9/14, 10, 8, , 
2024/9/15, 26, 4, , 
2024/9/16, 15, 8, , 
2024/9/17, 28, 8, , 
2024/9/18, 28, 9, , 
2024/9/19, 32, 11, , 
2024/9/20, 37, 12, , 
2024/9/21, 41, 18, , 
2024/9/22, 58, 22, , 
2024/9/23, 67, 17, , 
2024/9/24, 57, 5, , 
2024/9/25, 18, 3, , 
2024/9/26, 10, 2, , 
2024/9/27, 7, 1, , 
2024/9/28, 4, 3, , 
2024/9/29, 11, 4, , 
2024/9/30, 12, 4, 2, 
2024/4/1, 7, 4, 2, 
2024/4/2, 8, 9, 2, 
2024/4/3, 23, 4, 1, 
2024/4/4, 12, 2, 2, 
2024/4/5, 8, 3, 2, 
2024/4/6, 14, 16, 3, 
2024/4/7, 50, 21, 5, 
2024/4/8, 60, 10, 5, 
2024/4/9, 34, 9, 6, 
2024/4/10, 27, 8, 8, 
2024/4/11, 24, 10, 9, 
2024/4/12, 33, 5, 5, 
2024/4/13, 18, 4, 2, 
2024/4/14, 12, 7, 4, 
2024/4/15, 23, 5, 7, 
2024/4/16, 15, 5, 4, 
2024/4/17, 15, 3, 1, 
2024/4/18, 9, 4, , 
2024/4/19, 11, 2, , 
2024/4/20, 6, 3, 2, 
2024/4/21, 11, 7, 2, 
2024/4/22, 22, 5, 1, 
2024/4/23, 13, 4, 1, 
2024/4/24, 11, 7, 2, 
2024/4/25, 26, 7, 2, 
2024/4/26, 28, 4, 1, 
2024/4/27, 15, 5, 1, 
2024/4/28, 23, 15, 4, 
2024/4/29, 48, 11, 3, 
2024/4/30, 37, 5, , 
2024/5/1, 15, 7, 1, 
2024/5/2, 17, 8, 1, 
2024/5/3, 16, 10, 2, 
2024/5/4, 27, 5, 4, 
2024/5/5, 19, 5, 1, 
2024/5/6, 18, 6, 2, 
2024/5/7, 18, 7, 3, 
2024/5/8, 19, 5, 1, 
2024/5/9, 23, 4, 3, 
2024/5/10, 14, 6, 3, 
2024/5/11, 23, 10, 5, 
2024/5/12, 40, 7, 3, 
2024/5/13, 20, 8, 2, 
2024/5/14, 19, 9, 2, 
2024/5/15, 19, 15, 2, 
2024/5/16, 30, 20, 2, 
2024/5/17, 42, 18, 3, 
2024/5/18, 41, 16, 4, 
2024/5/19, 45, 14, 1, 
2024/5/20, 27, 12, 1, 
2024/5/21, 21, 17, 1, 
2024/5/22, 24, 17, 2, 
2024/5/23, 40, 8, 3, 
2024/5/24, 24, 8, 2, 
2024/5/25, 31, 14, 1, 
2024/5/26, 51, 17, 4, 
2024/5/27, 55, 9, 3, 
2024/5/28, 30, 7, 2, 
2024/5/29, 24, 6, 1, 
2024/5/30, 21, 8, 2, 
2024/5/31, 28, 11, 2, 
2024/6/1, 41, 11, 2, 
2024/6/2, 42, 7, 1, 
2024/6/3, 20, 9, 3, 
2024/6/4, 28, 6, 2, 
2024/6/5, 21, 7, 1, 
2024/6/6, 20, 7, 3, 
2024/6/7, 23, 9, 2, 
2024/6/8, 29, 3, , 
2024/6/9, 11, 3, 1, 
2024/6/10, 10, 6, 2, 
2024/6/11, 22, 5, 1, 
2024/6/12, 19, 4, 1, 
2024/6/13, 11, 10, 2, 
2024/6/14, 37, 9, 2, 
2024/6/15, 36, 7, 1, 
2024/6/16, 25, 7, 1, 
2024/6/17, 24, 5, 2, 
2024/6/18, 18, 3, , 
2024/6/19, 10, 8, 2, 
2024/6/20, 22, 7, 5, 
2024/6/21, 25, 5, 1, 
2024/6/22, 22, 5, , 
2024/6/23, 17, 4, 2, 
2024/6/24, 14, 6, 3, 
2024/6/25, 22, 8, 2, 
2024/6/26, 32, 10, 2, 
2024/6/27, 36, 15, 2, 
2024/6/28, 43, 7, 1, 
2024/6/29, 20, 5, , 
2024/6/30, 16, 3, , 
2024/1/1, 13, 4, 2, 
2024/1/2, 16, 3, , 
2024/1/3, 12, 3, 1, 
2024/1/4, 11, 4, 2, 
2024/1/5, 16, 10, 4, 
2024/1/6, 37, 10, 5, 
2024/1/7, 43, 11, 14, 
2024/1/8, 43, 20, 17, 
2024/1/9, 67, 22, 18, 
2024/1/10, 69, 14, 20, 
2024/1/11, 53, 15, 18, 
2024/1/12, 52, 7, 5, 
2024/1/13, 26, 6, 3, 
2024/1/14, 22, 8, 13, 
2024/1/15, 21, 13, 11, 
2024/1/16, 44, 7, 3, 
2024/1/17, 27, 17, 11, 
2024/1/18, 56, 13, 10, 
2024/1/19, 42, 8, 5, 
2024/1/20, 32, 17, 6, 
2024/1/21, 52, 18, 3, 
2024/1/22, 59, 12, 4, 
2024/1/23, 35, 10, 4, 
2024/1/24, 36, 11, 12, 
2024/1/25, 29, 7, 7, 
2024/1/26, 25, 17, 3, 
2024/1/27, 56, 22, 7, 
2024/1/28, 62, 22, 16, 
2024/1/29, 63, 6, 6, 
2024/1/30, 21, 10, 4, 
2024/1/31, 35, 10, 3, 
2024/2/1, 30, 2, 3, 
2024/2/2, 9, 6, , 
2024/2/3, 24, 5, 1, 
2024/2/4, 19, 17, 11, 
2024/2/5, 37, 6, 3, 
2024/2/6, 21, 9, 9, 
2024/2/7, 31, 6, 3, 
2024/2/8, 27, 4, 1, 
2024/2/9, 18, 5, 1, 
2024/2/10, 22, 6, 1, 
2024/2/11, 26, 4, 3, 
2024/2/12, 17, 5, 4, 
2024/2/13, 22, 16, 7, 
2024/2/14, 54, 3, 4, 
2024/2/15, 13, 7, 7, 
2024/2/16, 26, 8, 7, 
2024/2/17, 26, 3, 2, 
2024/2/18, 13, 7, 9, 
2024/2/19, 26, 13, 7, 
2024/2/20, 44, 6, 6, 
2024/2/21, 21, 6, 5, 
2024/2/22, 27, 6, 2, 
2024/2/23, 21, 11, 4, 
2024/2/24, 38, 4, 3, 
2024/2/25, 17, 6, 6, 
2024/2/26, 19, 13, 9, 
2024/2/27, 47, 14, 8, 
2024/2/28, 44, 12, 7, 
2024/2/29, 44, 21, 4, 
2024/3/1, 68, 12, 3, 
2024/3/2, 45, 4, 1, 
2024/3/3, 19, 18, 1, 
2024/3/4, 61, 16, 1, 
2024/3/5, 50, 7, 2, 
2024/3/6, 28, 11, 5, 
2024/3/7, 31, 18, 3, 
2024/3/8, 44, 7, 1, 
2024/3/9, 25, 5, , 
2024/3/10, 18, 8, 1, 
2024/3/11, 23, 12, 2, 
2024/3/12, 30, 16, 5, 
2024/3/13, 55, 8, 4, 
2024/3/14, 27, 8, 7, 
2024/3/15, 30, 3, 2, 
2024/3/16, 6, 4, 1, 
2024/3/17, 9, 7, 2, 
2024/3/18, 17, 11, 6, 
2024/3/19, 42, 8, 4, 
2024/3/20, 23, 7, 6, 
2024/3/21, 24, 15, 4, 
2024/3/22, 45, 14, 4, 
2024/3/23, 46, 3, 2, 
2024/3/24, 12, 4, 3, 
2024/3/25, 17, 4, 3, 
2024/3/26, 17, 13, 4, 
2024/3/27, 51, 11, 2, 
2024/3/28, 44, 13, 5, 
2024/3/29, 42, 12, 4, 
2024/3/30, 43, 7, 4, 
2024/3/31, 24, 2, 2, 
2023/10/1, 11, 9, 4, 
2023/10/2, 27, 7, 3, 
2023/10/3, 24, 5, 2, 
2023/10/4, 15, 4, 2, 
2023/10/5, 13, 5, 2, 
2023/10/6, 17, 2, 1, 
2023/10/7, 7, 5, 3, 
2023/10/8, 19, 6, 6, 
2023/10/9, 20, 10, 5, 
2023/10/10, 34, 8, 2, 
2023/10/11, 24, 8, 3, 
2023/10/12, 24, 10, 3, 
2023/10/13, 35, 5, , 
2023/10/14, 17, 2, , 
2023/10/15, 6, 7, 4, 
2023/10/16, 22, 4, 2, 
2023/10/17, 12, 5, 3, 
2023/10/18, 13, 4, 1, 
2023/10/19, 12, 4, 1, 
2023/10/20, 15, 3, , 
2023/10/21, 12, 1, , 
2023/10/22, 3, 3, 3, 
2023/10/23, 12, 2, 1, 
2023/10/24, 10, 1, 1, 
2023/10/25, 6, 3, 1, 
2023/10/26, 13, 4, 2, 
2023/10/27, 15, 4, 1, 
2023/10/28, 15, 3, , 
2023/10/29, 12, 1, 1, 
2023/10/30, 5, 5, 2, 
2023/10/31, 11, 3, 3, 
2023/11/1, 13, 2, 1, 
2023/11/2, 9, 10, 2, 
2023/11/3, 37, 11, 1, 
2023/11/4, 39, 5, 1, 
2023/11/5, 19, 10, 4, 
2023/11/6, 29, 17, 5, 
2023/11/7, 54, 6, 3, 
2023/11/8, 21, 3, 4, 
2023/11/9, 12, 2, 1, 
2023/11/10, 8, 3, 1, 
2023/11/11, 9, 1, , 
2023/11/12, 6, 3, 1, 
2023/11/13, 10, 2, 1, 
2023/11/14, 10, 7, 3, 
2023/11/15, 13, 5, 2, 
2023/11/16, 14, 6, 2, 
2023/11/17, 19, 5, 2, 
2023/11/18, 21, 4, 1, 
2023/11/19, 16, 5, 3, 
2023/11/20, 24, 8, 7, 
2023/11/21, 33, 11, 6, 
2023/11/22, 42, 5, 5, 
2023/11/23, 17, 6, 3, 
2023/11/24, 17, 19, 9, 
2023/11/25, 40, 9, 5, 
2023/11/26, 30, 3, 3, 
2023/11/27, 11, 7, 3, 
2023/11/28, 22, 3, 2, 
2023/11/29, 12, 3, 3, 
2023/11/30, 13, 17, 8, 
2023/12/1, 54, 10, 3, 
2023/12/2, 41, 6, 2, 
2023/12/3, 26, 7, 3, 
2023/12/4, 31, 5, 3, 
2023/12/5, 21, 5, 3, 
2023/12/6, 19, 4, 3, 
2023/12/7, 16, 6, 3, 
2023/12/8, 24, 8, 5, 
2023/12/9, 35, 2, 2, 
2023/12/10, 10, 2, 2, 
2023/12/11, 9, 4, 4, 
2023/12/12, 19, 3, 2, 
2023/12/13, 10, 11, 4, 
2023/12/14, 35, 26, 15, 
2023/12/15, 74, 7, 8, 
2023/12/16, 28, 4, 7, 
2023/12/17, 15, 2, 13, 
2023/12/18, 8, 7, 5, 
2023/12/19, 23, 9, 3, 
2023/12/20, 29, 6, 5, 
2023/12/21, 20, 14, 2, 
2023/12/22, 32, 21, 10, 
2023/12/23, 55, 7, 4, 
2023/12/24, 27, 12, 4, 
2023/12/25, 40, 8, 3, 
2023/12/26, 30, 18, 5, 
2023/12/27, 32, 4, 4, 
2023/12/28, 13, 13, 7, 
2023/12/29, 42, 3, 1, 
2023/12/30, 13, 2, , 
2023/12/31, 8, 3, 1, 
2023/7/1, 24, 7, 4, 
2023/7/2, 20, 6, 1, 
2023/7/3, 17, 6, 1, 
2023/7/4, 16, 4, 1, 
2023/7/5, 11, 3, , 
2023/7/6, 9, 6, 1, 
2023/7/7, 18, 7, 1, 
2023/7/8, 26, 6, 1, 
2023/7/9, 20, 6, 2, 
2023/7/10, 23, 10, 2, 
2023/7/11, 37, 8, 4, 
2023/7/12, 26, 6, 1, 
2023/7/13, 14, 6, 6, 
2023/7/14, 17, 11, , 
2023/7/15, 37, 13, 4, 
2023/7/16, 42, 9, , 
2023/7/17, 27, 3, , 
2023/7/18, 10, 4, , 
2023/7/19, 11, 2, , 
2023/7/20, 6, 2, 2, 
2023/7/21, 7, 2, , 
2023/7/22, 8, 3, , 
2023/7/23, 12, 3, 3, 
2023/7/24, 10, 3, , 
2023/7/25, 10, 2, , 
2023/7/26, 8, 5, 2, 
2023/7/27, 17, 4, 2, 
2023/7/28, 15, 5, , 
2023/7/29, 18, 6, 1, 
2023/7/30, 20, 5, , 
2023/7/31, 15, 4, 2, 
2023/8/1, 14, , , 
2023/8/9, 5, 2, , 
2023/8/10, 5, 5, 4, 
2023/8/11, 15, 11, 2, 
2023/8/12, 38, 9, 6, 
2023/8/13, 31, 12, 8, 
2023/8/14, 41, 10, 3, 
2023/8/15, 35, 4, 1, 
2023/8/16, 14, 8, 1, 
2023/8/17, 25, 8, , 
2023/8/18, 24, 8, , 
2023/8/19, 28, 9, , 
2023/8/20, 33, 8, , 
2023/8/21, 27, 8, , 
2023/8/22, 25, 7, , 
2023/8/23, 20, 4, , 
2023/8/24, 12, 2, , 
2023/8/25, 6, 4, , 
2023/8/26, 14, 4, , 
2023/8/27, 12, 3, , 
2023/8/28, 10, 5, , 
2023/8/29, 14, 6, , 
2023/8/30, 20, 5, , 
2023/8/31, 17, 9, , 
2023/9/1, 28, 7, , 
2023/9/2, 22, 5, , 
2023/9/3, 19, 9, , 
2023/9/4, 30, 6, , 
2023/9/5, 20, 6, , 
2023/9/6, 19, 12, , 
2023/9/7, 42, 17, , 
2023/9/8, 59, 15, , 
2023/9/9, 56, 16, , 
2023/9/10, 54, 26, , 
2023/9/11, 73, 6, , 
2023/9/12, 20, 3, 2, 
2023/9/13, 9, 6, 1, 
2023/9/14, 17, 8, 2, 
2023/9/15, 28, 12, 1, 
2023/9/16, 42, 2, , 
2023/9/17, 7, 13, 17, 
2023/9/18, 45, 7, 2, 
2023/9/19, 19, 9, 6, 
2023/9/20, 31, 11, 8, 
2023/9/21, 38, 5, 2, 
2023/9/22, 16, 4, , 
2023/9/23, 14, 7, 3, 
2023/9/24, 22, 14, 9, 
2023/9/25, 47, 13, 4, 
2023/9/26, 40, 17, 8, 
2023/9/27, 54, 14, 4, 
2023/9/28, 46, 9, 5, 
2023/9/29, 31, 5, , 
2023/9/30, 16, 3, 2, 
2023/4/1, 4, 1, 4, 
2023/4/2, 5, 2, 4, 
2023/4/3, 5, 2, 6, 
2023/4/4, 6, 3, 6, 
2023/4/5, 7, 1, 1, 
2023/4/6, 2, 1, 2, 
2023/4/7, 6, 1, 2, 
2023/4/8, 4, 1, 2, 
2023/4/9, 3, 1, 2, 
2023/4/10, 5, 1, 5, 
2023/4/11, 4, 1, 2, 
2023/4/12, 2, 1, 1, 
2023/4/13, 1, 1, 2, 
2023/4/14, 2, 1, 1, 
2023/4/15, 1, 1, 2, 
2023/4/16, 1, 1, 4, 
2023/4/17, 1, 1, 4, 
2023/4/18, 2, 1, 4, 
2023/4/19, 1, 1, 4, 
2023/4/20, 1, 1, 5, 
2023/4/21, 1, 1, 2, 
2023/4/22, 1, 1, 6, 
2023/4/23, 1, 1, 5, 
2023/4/24, 1, , 5, 
2023/4/28, 12, , 5, 
2023/5/2, 10, 10, 6, 
2023/5/3, 15, 5, 1, 
2023/5/4, 12, 7, 1, 
2023/5/5, 16, 7, 1, 
2023/5/6, 19, 7, 1, 
2023/5/7, 21, 14, 3, 
2023/5/8, 37, 15, 5, 
2023/5/9, 51, 19, 3, 
2023/5/10, 50, 24, 6, 
2023/5/11, 56, 26, 7, 
2023/5/12, 59, 15, 4, 
2023/5/13, 54, 15, 3, 
2023/5/14, 49, 16, 3, 
2023/5/15, 46, 10, 1, 
2023/5/16, 27, 3, , 
2023/5/17, 7, 6, 2, 
2023/5/18, 20, 9, 4, 
2023/5/19, 33, 8, 3, 
2023/5/20, 33, 7, 5, 
2023/5/21, 25, 13, 4, 
2023/5/22, 36, 8, 1, 
2023/5/23, 21, 16, 2, 
2023/5/24, 21, 15, 1, 
2023/5/25, 37, 8, , 
2023/5/26, 20, 12, 1, 
2023/5/27, 35, 5, , 
2023/5/28, 16, 5, , 
2023/5/29, 14, 7, 3, 
2023/5/30, 10, 10, 4, 
2023/5/31, 17, 8, 1, 
2023/6/1, 16, 6, 2, 
2023/6/2, 12, 9, 2, 
2023/6/3, 25, 8, 1, 
2023/6/4, 28, 13, 2, 
2023/6/5, 42, 13, 5, 
2023/6/6, 43, 13, 2, 
2023/6/7, 48, 12, 3, 
2023/6/8, 36, 9, 1, 
2023/6/9, 21, 5, 1, 
2023/6/10, 14, 7, 1, 
2023/6/11, 15, 10, 2, 
2023/6/12, 20, 13, 5, 
2023/6/13, 30, 17, 7, 
2023/6/14, 36, 16, 6, 
2023/6/15, 42, 14, 6, 
2023/6/16, 44, 14, 3, 
2023/6/17, 46, 13, 2, 
2023/6/18, 46, 12, 1, 
2023/6/19, 45, 15, 5, 
2023/6/20, 56, 16, 7, 
2023/6/21, 54, 9, 4, 
2023/6/22, 28, 9, 4, 
2023/6/23, 27, 7, 3, 
2023/6/24, 22, 5, 9, 
2023/6/25, 22, 6, 4, 
2023/6/26, 22, 3, 5, 
2023/6/27, 9, 9, 5, 
2023/6/28, 29, 5, 3, 
2023/6/29, 21, 6, 1, 
2023/6/30, 17, 7, , 
2023/1/2, 13, 6, 5, 
2023/1/3, 28, 3, 2, 
2023/1/4, 13, 2, 3, 
2023/1/5, 10, 4, 4, 
2023/1/6, 17, 12, 4, 
2023/1/7, 41, 12, 3, 
2023/1/8, 41, 13, 10, 
2023/1/9, 49, 12, 9, 
2023/1/10, 40, 14, 3, 
2023/1/11, 46, 12, 12, 
2023/1/12, 40, 11, 6, 
2023/1/13, 38, 8, 5, 
2023/1/14, 30, 8, 3, 
2023/1/15, 28, 7, 7, 
2023/1/16, 26, 4, 4, 
2023/1/17, 15, 7, 8, 
2023/1/18, 24, 9, 6, 
2023/1/19, 34, 7, 5, 
2023/1/20, 26, 9, 4, 
2023/1/21, 36, 12, 4, 
2023/1/22, 43, 17, 9, 
2023/1/23, 53, 9, 6, 
2023/1/24, 35, 6, 5, 
2023/1/25, 23, 11, 8, 
2023/1/26, 26, 14, 7, 
2023/1/27, 45, 7, 4, 
2023/1/28, 26, 6, 1, 
2023/1/29, 23, 9, 1, 
2023/1/30, 26, 5, 5, 
2023/1/31, 20, 10, 8, 
2023/2/1, 35, 14, 8, 
2023/2/2, 54, 2, 3, 
2023/2/3, 10, 5, 1, 
2023/2/4, 19, 14, 5, 
2023/2/5, 39, 15, 10, 
2023/2/6, 52, 14, 10, 
2023/2/7, 49, 14, 6, 
2023/2/8, 50, 10, 4, 
2023/2/9, 36, 10, 10, 
2023/2/10, 33, 14, 6, 
2023/2/11, 40, 6, 7, 
2023/2/12, 22, 12, 9, 
2023/2/13, 37, 27, 13, 
2023/2/14, 75, 30, 12, 
2023/2/15, 89, 20, 9, 
2023/2/16, 66, 5, 6, 
2023/2/17, 20, 7, 2, 
2023/2/18, 20, 6, 3, 
2023/2/19, 20, 7, 1, 
2023/2/20, 26, 9, 4, 
2023/2/21, 17, 6, 5, 
2023/2/22, 25, 7, 5, 
2023/2/23, 21, 3, 3, 
2023/2/24, 7, 3, 1, 
2023/2/25, 6, 10, 3, 
2023/2/26, 27, 18, 9, 
2023/2/27, 33, 17, 8, 
2023/2/28, 39, 15, 9, 
2023/3/1, 37, 24, 10, 
2023/3/2, 43, 21, 5, 
2023/3/3, 37, 4, , 
2023/3/4, 11, 4, 1, 
2023/3/5, 15, 9, 3, 
2023/3/6, 17, 9, 4, 
2023/3/7, 21, 18, 9, 
2023/3/8, 42, 10, 7, 
2023/3/9, 30, 10, 3, 
2023/3/10, 21, 11, 2, 
2023/3/11, 35, 10, 2, 
2023/3/12, 25, 3, 4, 
2023/3/13, 13, 3, 2, 
2023/3/14, 8, 8, 7, 
2023/3/15, 22, 6, 3, 
2023/3/16, 22, 9, 13, 
2023/3/17, 35, 4, 7, 
2023/3/18, 17, 3, 4, 
2023/3/19, 11, 2, 5, 
2023/3/20, 6, 2, 4, 
2023/3/21, 8, 3, 6, 
2023/3/22, 14, 3, 7, 
2023/3/23, 13, 4, 8, 
2023/3/24, 15, 1, 5, 
2023/3/25, 5, 1, 2, 
2023/3/26, 3, 2, 6, 
2023/3/27, 6, 2, 5, 
2023/3/28, 6, 1, 3, 
2023/3/29, 4, 1, 2, 
2023/3/30, 3, 1, 1, 
2023/3/31, 3, 1, 1, 
2022/10/1, 31, 4, 1, 
2022/10/2, 13, 7, 4, 
2022/10/3, 21, 10, 4, 
2022/10/4, 33, 5, 6, 
2022/10/5, 19, 8, 1, 
2022/10/6, 27, 11, 2, 
2022/10/7, 40, 4, 1, 
2022/10/8, 14, 8, 3, 
2022/10/9, 28, 11, 3, 
2022/10/10, 37, 7, 5, 
2022/10/11, 23, 11, 6, 
2022/10/12, 36, 9, 6, 
2022/10/13, 28, 8, 5, 
2022/10/14, 26, 7, 3, 
2022/10/15, 25, 9, 4, 
2022/10/16, 31, 7, 6, 
2022/10/17, 23, 9, 6, 
2022/10/18, 30, , 7, 
2022/10/26, 41, 17, 6, 
2022/10/27, 52, 10, 8, 
2022/10/28, 37, 18, 4, 
2022/10/29, 52, 11, 3, 
2022/10/30, 36, 20, 9, 
2022/10/31, 59, 13, 4, 
2022/11/1, 46, 11, 9, 
2022/11/2, 36, 14, 4, 
2022/11/3, 47, 10, 3, 
2022/11/4, 38, 6, 5, 
2022/11/5, 21, 7, 5, 
2022/11/6, 26, 8, 7, 
2022/11/7, 28, 15, 7, 
2022/11/8, 51, 14, 10, 
2022/11/9, 45, 11, 5, 
2022/11/10, 39, 13, 2, 
2022/11/11, 46, 11, 6, 
2022/11/12, 34, 13, 4, 
2022/11/13, 46, 4, 2, 
2022/11/14, 17, 7, 1, 
2022/11/15, 28, 5, 1, 
2022/11/16, 17, 4, 1, 
2022/11/17, 14, 2, 1, 
2022/11/18, 8, 2, 1, 
2022/11/19, 9, 3, 1, 
2022/11/20, 12, 3, 2, 
2022/11/21, 11, 5, 2, 
2022/11/22, 20, 13, 2, 
2022/11/23, 51, 15, 3, 
2022/11/24, 54, 13, 2, 
2022/11/25, 48, 6, 5, 
2022/11/26, 24, 13, 2, 
2022/11/27, 48, 8, 1, 
2022/11/28, 31, 5, 4, 
2022/11/29, 21, 3, 3, 
2022/11/30, 12, 4, 1, 
2022/12/1, 15, 4, 2, 
2022/12/2, 14, 3, 1, 
2022/12/3, 13, 2, 1, 
2022/12/4, 11, 9, 4, 
2022/12/5, 29, 17, 10, 
2022/12/6, 50, 24, 9, 
2022/12/7, 40, 19, 11, 
2022/12/8, 60, 5, 3, 
2022/12/9, 20, 4, 1, 
2022/12/10, 17, 5, 1, 
2022/12/11, 23, 10, 3, 
2022/12/12, 26, 16, 8, 
2022/12/13, 53, 19, 11, 
2022/12/14, 64, 15, 13, 
2022/12/15, 55, 24, 13, 
2022/12/16, 76, 15, 9, 
2022/12/17, 50, 19, 11, 
2022/12/18, 56, 13, 9, 
2022/12/19, 48, 9, 12, 
2022/12/20, 35, 20, 20, 
2022/12/21, 65, 10, 13, 
2022/12/22, 37, 9, 12, 
2022/12/23, 37, 6, 3, 
2022/12/24, 24, 15, 6, 
2022/12/25, 49, 11, 6, 
2022/12/26, 41, 13, 6, 
2022/12/27, 44, 3, 2, 
2022/12/28, 12, 8, 3, 
2022/12/29, 28, 10, 7, 
2022/12/30, 35, 17, 4, 
2022/12/31, 54, 19, 3, 
2023/1/1, 55, 3, 3, 
2022/7/1, 32, 9, 2, 
2022/7/2, 25, 6, 4, 
2022/7/3, 19, 8, 3, 
2022/7/4, 16, 7, 1, 
2022/7/5, 13, 8, 2, 
2022/7/6, 13, 4, 1, 
2022/7/7, 8, 6, , 
2022/7/8, 10, 4, , 
2022/7/9, 8, 3, 4, 
2022/7/10, 8, 6, 3, 
2022/7/11, 14, 11, 4, 
2022/7/12, 32, 10, 2, 
2022/7/13, 30, 4, , 
2022/7/14, 9, 4, , 
2022/7/15, 8, 1, , 
2022/7/16, 3, 3, 2, 
2022/7/17, 12, 11, 5, 
2022/7/18, 33, 10, 4, 
2022/7/19, 34, 16, 3, 
2022/7/20, 44, 26, 4, 
2022/7/21, 71, 12, 2, 
2022/7/22, 41, 5, 1, 
2022/7/23, 18, 8, 3, 
2022/7/24, 29, 14, 6, 
2022/7/25, 48, 2, , 
2022/7/26, 4, 2, , 
2022/7/27, 5, 4, 2, 
2022/7/28, 13, 6, 3, 
2022/7/29, 19, 8, 3, 
2022/7/30, 25, 9, 4, 
2022/7/31, 33, 4, 1, 
2022/8/1, 13, 6, 2, 
2022/8/2, 22, 14, 6, 
2022/8/3, 45, 7, 4, 
2022/8/4, 25, 4, 1, 
2022/8/5, 7, 3, , 
2022/8/6, 9, 6, 2, 
2022/8/7, 23, 5, 2, 
2022/8/8, 12, 8, 3, 
2022/8/9, 20, 6, 3, 
2022/8/10, 19, 12, 5, 
2022/8/11, 32, 10, 3, 
2022/8/12, 28, 10, , 
2022/8/13, 31, 12, , 
2022/8/14, 36, 15, , 
2022/8/15, 43, 12, , 
2022/8/16, 44, 11, , 
2022/8/17, 35, 9, , 
2022/8/18, 27, 5, , 
2022/8/19, 16, 7, , 
2022/8/20, 22, 7, , 
2022/8/21, 22, 6, , 
2022/8/22, 16, 7, , 
2022/8/23, 21, 7, , 
2022/8/24, 24, 7, , 
2022/8/25, 23, 9, , 
2022/8/26, 31, 10, , 
2022/8/27, 35, 9, , 
2022/8/28, 32, 6, , 
2022/8/29, 18, 5, , 
2022/8/30, 15, 4, , 
2022/8/31, 13, 7, , 
2022/9/1, 23, 7, 2, 
2022/9/2, 26, 5, 2, 
2022/9/3, 16, 3, 1, 
2022/9/4, 10, 4, 2, 
2022/9/5, 13, 3, 2, 
2022/9/6, 10, 4, 2, 
2022/9/7, 10, 6, 1, 
2022/9/8, 13, 5, 1, 
2022/9/9, 15, 2, 1, 
2022/9/10, 9, 6, 3, 
2022/9/11, 23, 8, 2, 
2022/9/12, 28, 3, 2, 
2022/9/13, 8, 3, 2, 
2022/9/14, 7, 3, 1, 
2022/9/15, 6, 6, 2, 
2022/9/16, 8, 2, , 
2022/9/17, 4, 1, 1, 
2022/9/18, 3, 9, 4, 
2022/9/19, 14, 6, 3, 
2022/9/20, 16, 10, 5, 
2022/9/21, 26, 11, 5, 
2022/9/22, 37, 10, 10, 
2022/9/23, 34, 5, 2, 
2022/9/24, 17, 6, 3, 
2022/9/25, 21, 6, 4, 
2022/9/26, 21, 8, 3, 
2022/9/27, 28, 10, 1, 
2022/9/28, 39, 6, 2, 
2022/9/29, 21, 8, 2, 
2022/9/30, 27, 9, 2, 
2022/4/1, 18, 12, 2, 
2022/4/2, 28, 4, , 
2022/4/3, 11, 2, 2, 
2022/4/4, 6, 6, 2, 
2022/4/5, 14, 7, 4, 
2022/4/6, 17, 4, 2, 
2022/4/7, 11, 5, 2, 
2022/4/8, 9, 4, , 
2022/4/9, 9, 4, , 
2022/4/10, 11, 6, 1, 
2022/4/11, 13, 12, 3, 
2022/4/12, 20, 9, 2, 
2022/4/13, 22, 11, 2, 
2022/4/14, 38, 4, 1, 
2022/4/15, 10, 10, 3, 
2022/4/16, 31, 14, 6, 
2022/4/17, 47, 17, 6, 
2022/4/18, 56, 22, 9, 
2022/4/19, 54, 13, 4, 
2022/4/20, 26, 11, 1, 
2022/4/21, 17, 9, 1, 
2022/4/22, 14, 6, , 
2022/4/23, 12, 5, , 
2022/4/24, 13, 13, 4, 
2022/4/25, 32, 11, 2, 
2022/4/26, 26, 10, 4, 
2022/4/27, 23, 7, 2, 
2022/4/28, 18, 4, 2, 
2022/4/29, 9, 4, 2, 
2022/4/30, 13, 4, 2, 
2022/5/1, 13, 10, 3, 
2022/5/2, 19, 5, 1, 
2022/5/3, 10, 10, 6, 
2022/5/4, 26, 9, 2, 
2022/5/5, 26, 11, 5, 
2022/5/6, 32, , , 
2022/5/8, 16, 10, 3, 
2022/5/9, 29, 14, 6, 
2022/5/10, 46, 12, 6, 
2022/5/11, 38, 7, 1, 
2022/5/12, 17, 10, 4, 
2022/5/13, 30, 5, , 
2022/5/14, 15, 8, 8, 
2022/5/15, 29, 5, 3, 
2022/5/16, 10, 6, 1, 
2022/5/17, 14, 9, 3, 
2022/5/18, 25, 13, 3, 
2022/5/19, 46, 10, 2, 
2022/5/20, 29, 4, 1, 
2022/5/21, 16, 6, 3, 
2022/5/22, 23, 10, 2, 
2022/5/23, 33, 11, 4, 
2022/5/24, 35, 8, 5, 
2022/5/25, 24, 6, 1, 
2022/5/26, 18, 3, 1, 
2022/5/27, 8, 2, 1, 
2022/5/28, 5, 3, 1, 
2022/5/29, 9, 4, 2, 
2022/5/30, 10, 5, 3, 
2022/5/31, 16, 9, 5, 
2022/6/1, 23, 7, 1, 
2022/6/2, 26, 4, 1, 
2022/6/3, 12, 6, 3, 
2022/6/4, 18, 5, 3, 
2022/6/5, 20, 6, 1, 
2022/6/6, 24, 7, 2, 
2022/6/7, 25, 14, 3, 
2022/6/8, 29, 8, 4, 
2022/6/9, 29, 11, 4, 
2022/6/10, 36, 15, 4, 
2022/6/11, 50, 11, 2, 
2022/6/12, 36, 8, 1, 
2022/6/13, 15, 6, 1, 
2022/6/14, 14, 7, 4, 
2022/6/15, 20, 4, 1, 
2022/6/16, 8, 15, 7, 
2022/6/17, 43, 12, 1, 
2022/6/18, 36, 7, 4, 
2022/6/19, 22, 5, 2, 
2022/6/20, 16, 12, 2, 
2022/6/21, 21, 6, 1, 
2022/6/22, 14, 7, 3, 
2022/6/23, 20, 11, 2, 
2022/6/24, 35, 16, 5, 
2022/6/25, 51, 11, 3, 
2022/6/26, 39, 6, 3, 
2022/6/27, 23, 12, 3, 
2022/6/28, 28, 9, 2, 
2022/6/29, 26, 8, 3, 
2022/6/30, 23, 10, 4, 
2022/1/3, 46, 10, 7, 
2022/1/4, 36, 10, 7, 
2022/1/5, 39, 22, 11, 
2022/1/6, 66, 9, 7, 
2022/1/7, 37, 6, 3, 
2022/1/8, 24, 5, 1, 
2022/1/9, 23, 14, 3, 
2022/1/10, 49, 24, 8, 
2022/1/11, 74, 16, 10, 
2022/1/12, 53, 3, 3, 
2022/1/13, 11, 16, 2, 
2022/1/14, 29, 26, 8, 
2022/1/15, 58, 10, 1, 
2022/1/16, 36, 13, 2, 
2022/1/17, 26, 14, 9, 
2022/1/18, 43, 8, 2, 
2022/1/19, 27, 7, , 
2022/1/20, 15, 19, 9, 
2022/1/21, 45, 35, 15, 
2022/1/22, 92, 7, 4, 
2022/1/23, 28, 9, 4, 
2022/1/24, 32, 18, 11, 
2022/1/25, 44, 15, 3, 
2022/1/26, 43, 5, 1, 
2022/1/27, 15, 22, 5, 
2022/1/28, 34, 3, , 
2022/1/29, 12, 9, 1, 
2022/1/30, 22, 12, 4, 
2022/1/31, 34, 10, 7, 
2022/2/1, 31, 18, 9, 
2022/2/2, 42, 10, 5, 
2022/2/3, 37, 10, 6, 
2022/2/4, 37, 9, 1, 
2022/2/5, 33, 7, 2, 
2022/2/6, 25, 7, 4, 
2022/2/7, 23, 10, 3, 
2022/2/8, 31, 10, 2, 
2022/2/9, 34, 7, 6, 
2022/2/10, 23, 12, 4, 
2022/2/11, 24, 13, 1, 
2022/2/12, 43, 19, 2, 
2022/2/13, 58, 9, 8, 
2022/2/14, 36, 11, 4, 
2022/2/15, 31, 9, 7, 
2022/2/16, 31, 3, 3, 
2022/2/17, 11, 7, 3, 
2022/2/18, 22, 6, 4, 
2022/2/19, 23, 4, 2, 
2022/2/20, 15, 3, 4, 
2022/2/21, 14, 6, 5, 
2022/2/22, 22, 13, 4, 
2022/2/23, 43, 13, 8, 
2022/2/24, 38, 6, 4, 
2022/2/25, 14, 17, 4, 
2022/2/26, 39, 18, 7, 
2022/2/27, 53, 22, 6, 
2022/2/28, 63, 21, 8, 
2022/3/1, 52, 20, 8, 
2022/3/2, 38, 15, 5, 
2022/3/3, 28, 15, 5, 
2022/3/4, 36, 18, 5, 
2022/3/5, 48, 16, 5, 
2022/3/6, 32, 32, 11, 
2022/3/7, 58, 25, 8, 
2022/3/8, 48, 18, 3, 
2022/3/9, 58, 24, 4, 
2022/3/10, 69, 30, 3, 
2022/3/11, 71, 22, 3, 
2022/3/12, 60, 24, 3, 
2022/3/13, 64, 28, 4, 
2022/3/14, 67, 36, 6, 
2022/3/15, 96, 29, 5, 
2022/3/16, 85, 23, 5, 
2022/3/17, 73, 20, 4, 
2022/3/18, 34, 19, 6, 
2022/3/19, 43, 11, 3, 
2022/3/20, 35, 28, 5, 
2022/3/21, 74, 50, 8, 
2022/3/22, 110, 36, 8, 
2022/3/23, 75, 50, 12, 
2022/3/24, 93, 28, 5, 
2022/3/25, 54, 8, 3, 
2022/3/26, 15, 9, 1, 
2022/3/27, 19, 16, 2, 
2022/3/28, 39, 11, 2, 
2022/3/29, 17, 6, 1, 
2022/3/30, 15, 12, 3, 
2022/3/31, 18, 10, 3, 
2021/10/1, 28, 8, 3, 
2021/10/2, 23, 12, 4, 
2021/10/3, 41, 15, 7, 
2021/10/4, 44, 11, 4, 
2021/10/5, 35, 5, 4, 
2021/10/6, 16, 9, 6, 
2021/10/7, 30, 13, 9, 
2021/10/8, 44, 15, 5, 
2021/10/9, 50, 19, 4, 
2021/10/10, 52, 4, 5, 
2021/10/11, 11, 3, 5, 
2021/10/12, 10, 4, 4, 
2021/10/13, 12, 9, 4, 
2021/10/14, 29, 4, 1, 
2021/10/15, 12, 7, 1, 
2021/10/16, 21, 6, 3, 
2021/10/17, 21, 6, 3, 
2021/10/18, 22, 2, 3, 
2021/10/19, 9, 10, 4, 
2021/10/20, 32, 6, 2, 
2021/10/21, 15, 5, 2, 
2021/10/22, 14, 11, 5, 
2021/10/23, 28, 11, 4, 
2021/10/24, 34, 13, 6, 
2021/10/25, 42, 9, 8, 
2021/10/26, 29, 8, 4, 
2021/10/27, 27, 12, 4, 
2021/10/28, 40, 29, 6, 
2021/10/29, 75, 15, 4, 
2021/10/30, 49, 11, 2, 
2021/10/31, 35, 15, 3, 
2021/11/1, 48, 10, 6, 
2021/11/2, 34, 10, 5, 
2021/11/3, 36, 14, 6, 
2021/11/4, 47, 9, 6, 
2021/11/5, 30, 5, 3, 
2021/11/6, 19, 5, 1, 
2021/11/7, 17, 3, 2, 
2021/11/8, 11, 5, 5, 
2021/11/9, 20, 27, 9, 
2021/11/10, 65, 19, 8, 
2021/11/11, 52, 10, 5, 
2021/11/12, 34, 5, 2, 
2021/11/13, 20, 4, 2, 
2021/11/14, 16, 9, 5, 
2021/11/15, 32, 16, 6, 
2021/11/16, 54, 9, 5, 
2021/11/17, 31, 7, 5, 
2021/11/18, 24, 7, 1, 
2021/11/19, 20, 13, 5, 
2021/11/20, 43, 8, 3, 
2021/11/21, 22, 8, 6, 
2021/11/22, 23, 12, 11, 
2021/11/23, 33, 5, 5, 
2021/11/24, 17, 8, 6, 
2021/11/25, 28, 9, 4, 
2021/11/26, 33, 3, 1, 
2021/11/27, 13, 3, , 
2021/11/28, 11, 12, 5, 
2021/11/29, 39, 11, 4, 
2021/11/30, 34, 4, 2, 
2021/12/1, 18, 19, 13, 
2021/12/2, 58, 10, 5, 
2021/12/3, 36, 4, 2, 
2021/12/4, 18, 4, 1, 
2021/12/5, 17, 4, 3, 
2021/12/6, 18, 8, 2, 
2021/12/7, 29, 11, 3, 
2021/12/8, 46, 17, 4, 
2021/12/9, 60, 8, 4, 
2021/12/10, 32, 12, 3, 
2021/12/11, 39, 11, 5, 
2021/12/12, 41, 26, 10, 
2021/12/13, 77, 23, 12, 
2021/12/14, 72, 10, 4, 
2021/12/15, 38, 22, 12, 
2021/12/16, 63, 17, 13, 
2021/12/17, 53, 18, 7, 
2021/12/18, 57, 17, 7, 
2021/12/19, 35, 21, 11, 
2021/12/20, 50, 13, 8, 
2021/12/21, 42, 8, 6, 
2021/12/22, 32, 11, 5, 
2021/12/23, 39, 11, 4, 
2021/12/24, 32, 23, 8, 
2021/12/25, 65, 16, 8, 
2021/12/26, 53, 10, 5, 
2021/12/27, 37, 6, 2, 
2021/12/28, 25, 9, 4, 
2021/12/29, 38, 11, 7, 
2021/12/30, 39, 17, 10, 
2021/12/31, 55, 20, 5, 
2022/1/1, 61, 28, 13, 
2022/1/2, 80, 13, 3, 
2021/7/1, 18, 8, , 
2021/7/2, 24, 13, , 
2021/7/3, 50, 14, , 
2021/7/4, 50, 15, , 
2021/7/5, 52, 9, , 
2021/7/6, 34, 15, , 
2021/7/7, 45, 14, , 
2021/7/8, 50, 11, , 
2021/7/9, 39, 9, , 
2021/7/10, 32, 4, , 
2021/7/11, 17, 4, , 
2021/7/12, 16, 7, , 
2021/7/13, 25, 13, , 
2021/7/14, 47, 14, , 
2021/7/15, 48, 6, , 
2021/7/16, 21, 4, , 
2021/7/17, 13, 4, , 
2021/7/18, 14, 4, , 
2021/7/19, 12, 4, 2, 
2021/7/20, 15, 7, 1, 
2021/7/21, 24, 9, 5, 
2021/7/22, 31, 14, 2, 
2021/7/23, 47, 12, 1, 
2021/7/24, 44, 8, 1, 
2021/7/25, 27, 10, 1, 
2021/7/26, 33, 16, 2, 
2021/7/27, 57, 14, 3, 
2021/7/28, 52, 5, 3, 
2021/7/29, 19, 5, 1, 
2021/7/30, 17, 8, 2, 
2021/7/31, 29, 4, 1, 
2021/8/1, 13, 5, 1, 
2021/8/2, 14, 5, 1, 
2021/8/3, 15, 6, 3, 
2021/8/4, 24, 6, 1, 
2021/8/5, 23, 8, 1, 
2021/8/6, 24, 8, 2, 
2021/8/7, 24, 6, 2, 
2021/8/8, 20, 10, 4, 
2021/8/9, 34, 7, 3, 
2021/8/10, 27, 6, 2, 
2021/8/11, 19, 11, 6, 
2021/8/12, 37, 12, 7, 
2021/8/13, 37, 6, 2, 
2021/8/14, 19, 4, 1, 
2021/8/15, 15, 4, 2, 
2021/8/16, 14, 4, 2, 
2021/8/17, 14, 3, , 
2021/8/18, 11, 2, 1, 
2021/8/19, 8, 2, 1, 
2021/8/20, 9, 4, 1, 
2021/8/21, 16, 5, 1, 
2021/8/22, 18, 8, 3, 
2021/8/23, 28, 10, 3, 
2021/8/24, 31, 4, 3, 
2021/8/25, 13, 3, 1, 
2021/8/26, 7, 5, 1, 
2021/8/27, 14, 5, , 
2021/8/28, 19, 7, 3, 
2021/8/29, 24, 10, 3, 
2021/8/30, 34, 11, 4, 
2021/8/31, 36, 12, 4, 
2021/9/1, 42, 12, 5, 
2021/9/2, 39, 8, 3, 
2021/9/3, 27, 5, 2, 
2021/9/4, 17, 5, 3, 
2021/9/5, 16, 14, 5, 
2021/9/6, 32, 10, 5, 
2021/9/7, 33, 9, 2, 
2021/9/8, 24, 14, 10, 
2021/9/9, 42, 21, 5, 
2021/9/10, 63, 12, 3, 
2021/9/11, 47, 8, 2, 
2021/9/12, 30, 4, 3, 
2021/9/13, 11, 6, 3, 
2021/9/14, 20, 6, 2, 
2021/9/15, 24, 4, 1, 
2021/9/16, 14, 3, 1, 
2021/9/17, 12, , 1, 
2021/9/27, 64, 10, 4, 
2021/9/28, 26, 8, 2, 
2021/9/29, 25, 8, 4, 
2021/9/30, 25, 8, 5, 
2021/4/1, 8, 4, , 
2021/4/2, 12, 10, 2, 
2021/4/3, 25, 8, , 
2021/4/4, 27, 5, , 
2021/4/5, 12, 5, 1, 
2021/4/6, 11, 8, 3, 
2021/4/7, 13, 14, 5, 
2021/4/8, 32, 6, 2, 
2021/4/9, 20, 7, 2, 
2021/4/10, 19, 7, 2, 
2021/4/11, 20, 8, 3, 
2021/4/12, 20, 7, 3, 
2021/4/13, 13, 7, 2, 
2021/4/14, 14, 12, 4, 
2021/4/15, 26, 11, 4, 
2021/4/16, 24, 8, 2, 
2021/4/17, 18, 9, 2, 
2021/4/18, 17, 12, 4, 
2021/4/19, 22, 18, 7, 
2021/4/20, 41, 8, 1, 
2021/4/21, 19, 5, 1, 
2021/4/22, 13, 5, 1, 
2021/4/23, 14, 5, 1, 
2021/4/24, 15, 3, 1, 
2021/4/25, 8, 6, 2, 
2021/4/26, 12, 9, 3, 
2021/4/27, 22, 10, 2, 
2021/4/28, 29, 9, 1, 
2021/4/29, 20, 7, 2, 
2021/4/30, 16, 6, 4, 
2021/5/1, 19, 8, 2, 
2021/5/2, 30, 9, 2, 
2021/5/3, 23, 5, 1, 
2021/5/4, 22, 2, 1, 
2021/5/5, 4, 5, 3, 
2021/5/6, 15, 8, 3, 
2021/5/7, 24, 6, 2, 
2021/5/8, 17, 12, 4, 
2021/5/9, 39, 11, 4, 
2021/5/10, 37, 18, 4, 
2021/5/11, 55, 7, 3, 
2021/5/12, 28, 8, 3, 
2021/5/13, 31, 15, 5, 
2021/5/14, 48, 12, 3, 
2021/5/15, 39, 4, 1, 
2021/5/16, 16, 5, 3, 
2021/5/17, 21, 7, 3, 
2021/5/18, 24, 7, 3, 
2021/5/19, 22, 5, 1, 
2021/5/20, 10, 7, 3, 
2021/5/21, 25, 8, 2, 
2021/5/22, 27, 2, 1, 
2021/5/23, 9, 8, 1, 
2021/5/24, 28, 8, 2, 
2021/5/25, 25, 3, 1, 
2021/5/26, 11, 6, 3, 
2021/5/27, 18, 15, 4, 
2021/5/28, 40, 13, 4, 
2021/5/29, 41, 15, 4, 
2021/5/30, 51, 15, 15, 
2021/5/31, 48, 18, 3, 
2021/6/1, 51, 16, 2, 
2021/6/2, 32, 13, 3, 
2021/6/3, 41, 14, 2, 
2021/6/4, 43, 15, 2, 
2021/6/5, 44, 18, 4, 
2021/6/6, 59, 16, 4, 
2021/6/7, 52, 10, 2, 
2021/6/8, 30, 10, 1, 
2021/6/9, 33, 11, 2, 
2021/6/10, 38, 10, 2, 
2021/6/11, 38, 5, , 
2021/6/12, 17, 6, 1, 
2021/6/13, 21, 6, 2, 
2021/6/14, 23, 6, 1, 
2021/6/15, 19, 9, 4, 
2021/6/16, 29, 13, 3, 
2021/6/17, 40, 11, 3, 
2021/6/18, 34, 7, 3, 
2021/6/19, 26, 6, 2, 
2021/6/20, 24, 6, 2, 
2021/6/21, 17, 7, 1, 
2021/6/22, 24, 10, 3, 
2021/6/23, 33, 11, 5, 
2021/6/24, 34, 6, , 
2021/6/25, 24, 10, , 
2021/6/26, 38, 10, , 
2021/6/27, 38, 13, , 
2021/6/28, 49, 15, , 
2021/6/29, 52, 11, , 
2021/6/30, 30, 7, , 
2021/1/4, 8, 7, 2, 
2021/1/5, 16, 8, 3, 
2021/1/6, 27, 12, 3, 
2021/1/7, 19, 14, 5, 
2021/1/8, 32, 21, 4, 
2021/1/9, 59, 21, 11, 
2021/1/10, 68, 14, 13, 
2021/1/11, 49, 5, 4, 
2021/1/12, 17, 4, 2, 
2021/1/13, 10, 11, 5, 
2021/1/14, 35, 23, 9, 
2021/1/15, 70, 13, 4, 
2021/1/16, 50, 11, 3, 
2021/1/17, 43, 23, 10, 
2021/1/18, 71, 6, 7, 
2021/1/19, 26, 3, 4, 
2021/1/20, 13, 17, 6, 
2021/1/21, 52, 14, 5, 
2021/1/22, 44, , , 
2021/2/16, 51, 8, 6, 
2021/2/17, 32, 10, 7, 
2021/2/18, 35, 20, 14, 
2021/2/19, 59, 29, 17, 
2021/2/20, 84, 34, 12, 
2021/2/21, 93, 21, 8, 
2021/2/22, 69, 14, 12, 
2021/2/23, 49, 23, 7, 
2021/2/24, 67, 14, 4, 
2021/2/25, 46, 6, 3, 
2021/2/26, 16, 14, 5, 
2021/2/27, 37, 12, 4, 
2021/2/28, 26, 24, 5, 
2021/3/1, 40, 26, 12, 
2021/3/2, 45, 25, 9, 
2021/3/3, 60, 30, 6, 
2021/3/4, 32, 30, 8, 
2021/3/5, 35, 15, 1, 
2021/3/6, 32, 13, 3, 
2021/3/7, 22, 28, 7, 
2021/3/8, 49, 34, 11, 
2021/3/9, 70, 23, 6, 
2021/3/10, 67, 14, 9, 
2021/3/11, 50, 17, 3, 
2021/3/12, 50, 12, , 
2021/3/13, 40, 12, , 
2021/3/14, 42, 9, , 
2021/3/15, 12, 13, , 
2021/3/16, 22, 14, 8, 
2021/3/17, 24, 26, 8, 
2021/3/18, 34, 14, 3, 
2021/3/19, 29, 8, 2, 
2021/3/20, 23, 10, 1, 
2021/3/21, 23, 7, 2, 
2021/3/22, 15, 9, 4, 
2021/3/23, 18, 25, 5, 
2021/3/24, 61, 23, 5, 
2021/3/25, 54, 27, 11, 
2021/3/26, 76, 10, 4, 
2021/3/27, 26, 16, 5, 
2021/3/28, 50, 11, 5, 
2021/3/29, 37, 13, 1, 
2021/3/30, 35, 13, 4, 
2021/3/31, 36, 2, , 
2020/10/1, 50, 15, 2, 
2020/10/2, 102, 46, 2, 
2020/10/3, 128, 60, 2, 
2020/10/4, 58, 18, 3, 
2020/10/5, 26, 10, 2, 
2020/10/6, 36, 10, 4, 
2020/10/7, 35, 7, 9, 
2020/10/8, 21, 8, 7, 
2020/10/9, 20, 4, 2, 
2020/10/10, 14, 5, 4, 
2020/10/11, 16, 8, 5, 
2020/10/12, 18, 2, 3, 
2020/10/13, 8, 3, 3, 
2020/10/14, 10, 6, 6, 
2020/10/15, 16, 10, 6, 
2020/10/16, 31, 7, 2, 
2020/10/17, 24, 3, 1, 
2020/10/18, 9, 11, 6, 
2020/10/19, 31, 9, 4, 
2020/10/20, 32, 20, 9, 
2020/10/21, 60, 7, 6, 
2020/10/22, 25, 11, 6, 
2020/10/23, 23, 8, 4, 
2020/10/24, 28, 9, 4, 
2020/10/25, 34, 7, 8, 
2020/10/26, 24, 7, 5, 
2020/10/27, 23, 14, 5, 
2020/10/28, 38, 10, 7, 
2020/10/29, 35, 7, 5, 
2020/10/30, 27, 7, 3, 
2020/10/31, 26, 11, 3, 
2020/11/1, 40, 9, 5, 
2020/11/2, 30, 13, 9, 
2020/11/3, 36, 9, 7, 
2020/11/4, 27, 3, 2, 
2020/11/5, 9, 7, 4, 
2020/11/6, 15, 10, 4, 
2020/11/7, 34, 13, 5, 
2020/11/8, 43, 11, 5, 
2020/11/9, 38, 11, 8, 
2020/11/10, 41, 17, 3, 
2020/11/11, 54, 15, 3, 
2020/11/12, 53, 12, 4, 
2020/11/13, 45, 13, 7, 
2020/11/14, 40, 19, 4, 
2020/11/15, 61, 8, 8, 
2020/11/16, 26, 9, 5, 
2020/11/17, 30, 9, 3, 
2020/11/18, 31, 5, 1, 
2020/11/19, 16, 11, 6, 
2020/11/20, 25, 7, 4, 
2020/11/21, 24, 9, 1, 
2020/11/22, 33, 7, 5, 
2020/11/23, 21, 8, 5, 
2020/11/24, 30, 18, 5, 
2020/11/25, 55, 8, 10, 
2020/11/26, 26, 15, 8, 
2020/11/27, 47, 8, 3, 
2020/11/28, 33, 14, 5, 
2020/11/29, 46, 14, 12, 
2020/11/30, 50, 9, 8, 
2020/12/1, 27, 11, 4, 
2020/12/2, 41, 15, 3, 
2020/12/3, 56, 15, 4, 
2020/12/4, 59, 9, 2, 
2020/12/5, 38, 14, 3, 
2020/12/6, 52, 14, 2, 
2020/12/7, 49, 15, 7, 
2020/12/8, 50, 8, 5, 
2020/12/9, 34, 12, 4, 
2020/12/10, 44, 5, 2, 
2020/12/11, 21, 5, 1, 
2020/12/12, 21, 6, 3, 
2020/12/13, 24, 13, 4, 
2020/12/14, 48, 17, 22, 
2020/12/15, 55, 16, 14, 
2020/12/16, 53, 17, 8, 
2020/12/17, 57, 9, 7, 
2020/12/18, 36, 16, 6, 
2020/12/19, 53, 19, 9, 
2020/12/20, 57, 12, 11, 
2020/12/21, 40, 6, 4, 
2020/12/22, 24, 8, 7, 
2020/12/23, 27, 9, 4, 
2020/12/24, 16, 15, 5, 
2020/12/25, 35, 8, 4, 
2020/12/26, 29, 10, 5, 
2020/12/27, 34, 5, 2, 
2020/12/28, 18, 5, 2, 
2020/12/29, 23, 1, 2, 
2020/12/30, 4, 4, 2, 
2020/12/31, 16, 16, 2, 
2021/1/1, 50, 5, 2, 
2021/1/2, 20, 4, 2, 
2021/1/3, 19, 3, 1, 
2020/9/24, 25, 9, 6, 
2020/9/25, 20, 6, 2, 
2020/9/26, 3, 1, , 
2020/9/27, 28, 9, , 
2020/9/28, 56, 20, 2, 
2020/9/29, 50, 15, 3, 
2020/9/30, 43, 12, 4, 
2024/9/11, , 3, , 
2023/8/8, , 2, , 
2023/4/27, , 5, 6, 
2023/5/1, , 6, 3, 
2022/10/25, , 11, 6, 
2022/5/7, , 5, 4, 
2021/9/26, , 19, 3, 
2021/2/15, , 14, 5, 
2020/7/1, , 9, 1, 
2020/7/2, , 6, 3, 
2020/7/3, , 9, 2, 
2020/4/1, , 14, 1, 
2020/4/2, , 39, 1, 
2020/4/3, , 8, 2, 
2020/4/4, , 7, 3, 
2020/4/5, , 13, 5, 
2020/4/6, , 21, 3, 
2020/4/7, , 21, 5, 
2020/4/8, , 21, , 
2020/4/9, , 9, 1, 
2020/4/10, , 13, 3, 
2020/4/11, , 16, 1, 
2020/4/12, , 9, , 
2020/4/13, , 6, 3, 
2020/4/14, , 9, 1, 
2020/4/15, , 8, 2, 
2020/4/16, , 10, 2, 
2020/4/17, , 8, 2, 
2020/4/18, , 8, 3, 
2020/4/19, , 8, 7, 
2020/4/20, , 12, 7, 
2020/4/21, , 15, 7, 
2020/4/22, , 12, 6, 
2020/4/23, , 12, 5, 
2020/4/24, , 9, 3, 
2020/4/25, , 9, 5, 
2020/4/26, , 6, 6, 
2020/4/27, , 8, 2, 
2020/4/28, , 5, 2, 
2020/4/29, , 6, 1, 
2020/4/30, , 6, , 
2020/5/1, , 7, 2, 
2020/5/2, , 6, , 
2020/5/3, , 5, 1, 
2020/5/4, , 3, 4, 
2020/5/5, , 6, 1, 
2020/5/6, , 9, 2, 
2020/5/7, , 15, 1, 
2020/5/8, , 12, 3, 
2020/5/9, , 7, 2, 
2020/5/10, , 5, 1, 
2020/5/11, , 4, 1, 
2020/5/12, , 8, 2, 
2020/5/13, , 6, 3, 
2020/5/14, , 13, 2, 
2020/5/15, , 7, , 
2020/5/16, , 8, , 
2020/5/17, , 7, 3, 
2020/5/18, , 11, 1, 
2020/5/19, , 8, 2, 
2020/5/20, , 8, 3, 
2020/5/21, , 7, 5, 
2020/5/22, , 13, 7, 
2020/5/23, , 24, 1, 
2020/5/24, , 8, 2, 
2020/5/25, , 5, 3, 
2020/5/26, , 14, , 
2020/5/27, , 12, 1, 
2020/5/28, , 11, 5, 
2020/5/29, , 9, 1, 
2020/5/30, , 9, 1, 
2020/5/31, , 6, 2, 
2020/6/1, , 6, 6, 
2020/6/2, , 14, 2, 
2020/6/3, , 14, 2, 
2020/6/4, , 15, 4, 
2020/6/5, , 8, 2, 
2020/6/6, , 7, 3, 
2020/6/7, , 9, 1, 
2020/6/8, , 9, , 
2020/6/9, , 10, 2, 
2020/6/10, , 9, 2, 
2020/6/11, , 10, 1, 
2020/6/12, , 14, , 
2020/6/13, , 9, , 
2020/6/14, , 9, 5, 
2020/6/15, , 9, 5, 
2020/6/16, , 14, 6, 
2020/6/17, , 14, 4, 
2020/6/18, , 11, 2, 
2020/6/19, , 11, 4, 
2020/6/20, , 9, 2, 
2020/6/21, , 10, 2, 
2020/6/22, , 9, 3, 
2020/6/23, , 14, 3, 
2020/6/24, , 13, 9, 
2020/6/25, , 11, 3, 
2020/6/26, , 12, 1, 
2020/6/27, , 15, 3, 
2020/6/28, , 14, 6, 
2020/6/29, , 12, 5, 
2020/6/30, , 7, 2, 
2020/1/1, , 17, 2, 
2020/1/2, , 25, 4, 
2020/1/3, , 20, 7, 
2020/1/4, , 19, 3, 
2020/1/5, , 16, 5, 
2020/1/6, , 12, 9, 
2020/1/7, , 21, 5, 
2020/1/8, , 29, 9, 
2020/1/9, , 14, 6, 
2020/1/10, , 10, 3, 
2020/1/11, , 24, 7, 
2020/1/12, , 18, 16, 
2020/1/13, , 14, 7, 
2020/1/14, , 35, 5, 
2020/1/15, , 30, 5, 
2020/1/16, , 33, 13, 
2020/1/17, , 23, 4, 
2020/1/18, , 10, 4, 
2020/1/19, , 21, 6, 
2020/1/20, , 26, 5, 
2020/1/21, , 17, 10, 
2020/1/22, , 29, 8, 
2020/1/23, , 12, 5, 
2020/1/24, , 18, 8, 
2020/1/25, , 15, 4, 
2020/1/26, , 20, 12, 
2020/1/27, , 27, 5, 
2020/1/28, , 6, 10, 
2020/1/29, , 12, 9, 
2020/1/30, , 9, 8, 
2020/1/31, , 15, 2, 
2020/2/1, , 21, 4, 
2020/2/2, , 12, 6, 
2020/2/3, , 5, , 
2020/2/4, , 7, , 
2020/2/5, , 13, , 
2020/2/6, , 11, , 
2020/2/7, , 12, , 
2020/2/8, , 33, , 
2020/2/9, , 33, , 
2020/2/10, , 16, , 
2020/2/11, , 14, , 
2020/2/12, , 11, , 
2020/2/13, , 17, , 
2020/2/14, , 12, , 
2020/2/15, , 26, , 
2020/2/16, , 29, , 
2020/2/17, , 39, , 
2020/2/18, , 17, , 
2020/2/19, , 10, , 
2020/2/20, , 16, , 
2020/2/21, , 20, , 
2020/2/22, , 21, , 
2020/2/23, , 16, , 
2020/2/24, , 22, , 
2020/2/25, , 4, , 
2020/2/26, , 11, , 
2020/2/27, , 5, , 
2020/2/28, , 11, , 
2020/2/29, , 7, , 
2020/3/1, , 20, 11, 
2020/3/2, , 27, 5, 
2020/3/3, , 4, 6, 
2020/3/4, , 14, 9, 
2020/3/5, , 16, 5, 
2020/3/6, , 17, 4, 
2020/3/7, , 12, 6, 
2020/3/8, , 29, 9, 
2020/3/9, , 30, 5, 
2020/3/10, , 12, 3, 
2020/3/11, , 25, 5, 
2020/3/12, , 14, 4, 
2020/3/13, , 10, 2, 
2020/3/14, , 12, 4, 
2020/3/15, , 25, 5, 
2020/3/16, , 14, 4, 
2020/3/17, , 27, 2, 
2020/3/18, , 15, 4, 
2020/3/19, , 15, 3, 
2020/3/20, , 14, 2, 
2020/3/21, , 12, 3, 
2020/3/22, , 13, 4, 
2020/3/23, , 21, 6, 
2020/3/24, , 35, 5, 
2020/3/25, , 38, 7, 
2020/3/26, , 45, 7, 
2020/3/27, , 29, , 
2020/3/28, , 14, , 
2020/3/29, , 4, , 
2019/10/1, , 4, 4, 
2019/10/2, , 3, 3, 
2019/10/3, , 9, 1, 
2019/10/4, , 3, , 
2019/10/5, , 5, , 
2019/10/6, , 5, 8, 
2019/10/7, , 9, 4, 
2019/10/8, , 7, 9, 
2019/10/9, , 16, 8, 
2019/10/10, , 12, 7, 
2019/10/11, , 15, 3, 
2019/10/12, , 17, 6, 
2019/10/13, , 10, 8, 
2019/10/14, , 12, 3, 
2019/10/15, , 5, 5, 
2019/10/16, , 3, 7, 
2019/10/17, , 7, 6, 
2019/10/18, , 8, 5, 
2019/10/19, , 11, 3, 
2019/10/20, , 4, 6, 
2019/10/21, , 9, 7, 
2019/10/22, , 15, 10, 
2019/10/23, , 22, 11, 
2019/10/24, , 16, 8, 
2019/10/25, , 21, 4, 
2019/10/26, , 6, 5, 
2019/10/27, , 5, 8, 
2019/10/28, , 8, 12, 
2019/10/29, , 15, 12, 
2019/10/30, , 18, 10, 
2019/10/31, , 14, 8, 
2019/11/1, , 16, 3, 
2019/11/2, , 12, 1, 
2019/11/3, , 4, 2, 
2019/11/4, , 7, 4, 
2019/11/5, , 11, 4, 
2019/11/6, , 9, 4, 
2019/11/7, , 9, 4, 
2019/11/8, , 8, 2, 
2019/11/9, , 7, 2, 
2019/11/10, , 3, 4, 
2019/11/11, , 3, 5, 
2019/11/12, , 12, 9, 
2019/11/13, , 12, 4, 
2019/11/14, , 3, 3, 
2019/11/15, , 6, 1, 
2019/11/16, , 2, 5, 
2019/11/17, , 10, 2, 
2019/11/18, , 3, 5, 
2019/11/19, , 6, 4, 
2019/11/20, , 6, 5, 
2019/11/21, , 5, 4, 
2019/11/22, , 7, 3, 
2019/11/23, , 13, 1, 
2019/11/24, , 8, 4, 
2019/11/25, , 3, 5, 
2019/11/26, , 3, 3, 
2019/11/27, , 2, 3, 
2019/11/28, , 2, 4, 
2019/11/29, , 9, 12, 
2019/11/30, , 23, 13, 
2019/12/1, , 19, 13, 
2019/12/2, , 21, 10, 
2019/12/3, , 22, 9, 
2019/12/4, , 15, 4, 
2019/12/5, , 19, 8, 
2019/12/6, , 13, 5, 
2019/12/7, , 8, 3, 
2019/12/8, , 15, 4, 
2019/12/9, , 10, 8, 
2019/12/10, , 23, 9, 
2019/12/11, , 21, 13, 
2019/12/12, , 11, 3, 
2019/12/13, , 12, 2, 
2019/12/14, , 14, 7, 
2019/12/15, , 5, 19, 
2019/12/16, , 12, 14, 
2019/12/17, , 11, 15, 
2019/12/18, , 9, 13, 
2019/12/19, , 19, 7, 
2019/12/20, , 22, 10, 
2019/12/21, , 18, 4, 
2019/12/22, , 13, 5, 
2019/12/23, , 6, 2, 
2019/12/24, , 3, 5, 
2019/12/25, , 9, 7, 
2019/12/26, , 7, 5, 
2019/12/27, , 8, 7, 
2019/12/28, , 15, 3, 
2019/12/29, , 32, , 
2019/7/1, , 18, 1, 
2019/7/2, , 9, 1, 
2019/7/3, , 7, 3, 
2019/7/4, , 11, 3, 
2019/7/5, , 10, 3, 
2019/7/6, , 6, 2, 
2019/7/7, , 5, 3, 
2019/7/8, , 6, 3, 
2019/7/9, , 10, 4, 
2019/7/10, , 9, 3, 
2019/7/11, , 6, 2, 
2019/7/12, , 11, 4, 
2019/7/13, , 13, 2, 
2019/7/14, , 19, 1, 
2019/7/15, , 13, 3, 
2019/7/16, , 13, 3, 
2019/7/17, , 18, 3, 
2019/7/18, , 17, 4, 
2019/7/19, , 14, 3, 
2019/7/20, , 24, 3, 
2019/7/21, , 22, 3, 
2019/7/22, , 17, 4, 
2019/7/23, , 18, 2, 
2019/7/24, , 22, 3, 
2019/7/25, , 22, 3, 
2019/7/26, , 14, 2, 
2019/7/27, , 16, 1, 
2019/7/28, , 21, 3, 
2019/7/29, , 21, 3, 
2019/7/30, , 18, 1, 
2019/7/31, , 6, 3, 
2019/8/1, , 6, 5, 
2019/8/2, , 13, 3, 
2019/8/3, , 15, 2, 
2019/8/4, , 12, 4, 
2019/8/5, , 15, 4, 
2019/8/6, , 19, 4, 
2019/8/7, , 21, 5, 
2019/8/8, , 16, 2, 
2019/8/9, , 18, 3, 
2019/8/10, , 43, 3, 
2019/8/11, , 42, 6, 
2019/8/12, , 23, 3, 
2019/8/13, , 7, 4, 
2019/8/14, , 7, 4, 
2019/8/15, , 15, 5, 
2019/8/16, , 14, 4, 
2019/8/17, , 36, 3, 
2019/8/18, , 22, 4, 
2019/8/19, , 25, 5, 
2019/8/20, , 15, 3, 
2019/8/21, , 8, 7, 
2019/8/22, , 29, 3, 
2019/8/23, , 31, 6, 
2019/8/24, , 19, 3, 
2019/8/25, , 13, 4, 
2019/8/26, , 16, 4, 
2019/8/27, , 19, 4, 
2019/8/28, , 29, 5, 
2019/8/29, , 20, 6, 
2019/8/30, , 47, 10, 
2019/8/31, , 46, 3, 
2019/9/1, , 11, 3, 
2019/9/2, , 8, 4, 
2019/9/3, , 10, 5, 
2019/9/4, , 11, 3, 
2019/9/5, , 5, 7, 
2019/9/6, , 14, 2, 
2019/9/7, , 5, 1, 
2019/9/8, , 3, 4, 
2019/9/9, , 6, 3, 
2019/9/10, , 5, 6, 
2019/9/11, , 18, 4, 
2019/9/12, , 17, 2, 
2019/9/13, , 10, 1, 
2019/9/14, , 22, , 
2019/9/15, , 20, 2, 
2019/9/16, , 8, 2, 
2019/9/17, , 6, 2, 
2019/9/18, , 4, 5, 
2019/9/19, , 6, 5, 
2019/9/20, , 4, 6, 
2019/9/21, , 9, 2, 
2019/9/22, , 8, 2, 
2019/9/23, , 16, 3, 
2019/9/24, , 10, 4, 
2019/9/25, , 9, 3, 
2019/9/26, , 24, 7, 
2019/9/27, , 27, 3, 
2019/9/28, , 21, 2, 
2019/9/29, , 9, 2, 
2019/9/30, , 5, , 
2019/4/1, , 11, 6, 
2019/4/2, , 22, 4, 
2019/4/3, , 20, 4, 
2019/4/4, , 29, 4, 
2019/4/5, , 32, 4, 
2019/4/6, , 21, 4, 
2019/4/7, , 16, 3, 
2019/4/8, , 11, 5, 
2019/4/9, , 20, 4, 
2019/4/10, , 11, 5, 
2019/4/11, , 13, 6, 
2019/4/12, , 14, 3, 
2019/4/13, , 10, 2, 
2019/4/14, , 8, 3, 
2019/4/15, , 9, 3, 
2019/4/16, , 12, 3, 
2019/4/17, , 17, 4, 
2019/4/18, , 12, 6, 
2019/4/19, , 13, 7, 
2019/4/20, , 16, 8, 
2019/4/21, , 20, 4, 
2019/4/22, , 18, 3, 
2019/4/23, , 24, 4, 
2019/4/24, , 35, 5, 
2019/4/25, , 35, 5, 
2019/4/26, , 33, 6, 
2019/4/27, , 21, 4, 
2019/4/28, , 18, 6, 
2019/4/29, , 25, 10, 
2019/4/30, , 23, 2, 
2019/5/1, , 15, 2, 
2019/5/2, , 6, 3, 
2019/5/3, , 5, 1, 
2019/5/4, , 4, 1, 
2019/5/5, , 9, 2, 
2019/5/6, , 5, 3, 
2019/5/7, , 8, 3, 
2019/5/8, , 9, 5, 
2019/5/9, , 16, 4, 
2019/5/10, , 13, 1, 
2019/5/11, , 9, 1, 
2019/5/12, , 7, 2, 
2019/5/13, , 10, 5, 
2019/5/14, , 15, 4, 
2019/5/15, , 13, 4, 
2019/5/16, , 9, 1, 
2019/5/17, , 19, 2, 
2019/5/18, , 8, 1, 
2019/5/19, , 20, 1, 
2019/5/20, , 14, 3, 
2019/5/21, , 28, 3, 
2019/5/22, , 14, 7, 
2019/5/23, , 26, 3, 
2019/5/24, , 11, , 
2019/5/25, , 8, 3, 
2019/5/26, , 6, 4, 
2019/5/27, , 12, 2, 
2019/5/28, , 10, 3, 
2019/5/29, , 10, 3, 
2019/5/30, , 26, 3, 
2019/5/31, , 8, 1, 
2019/6/1, , 11, 5, 
2019/6/2, , 15, 4, 
2019/6/3, , 30, 7, 
2019/6/4, , 28, 5, 
2019/6/5, , 30, 4, 
2019/6/6, , 22, 6, 
2019/6/7, , 13, 5, 
2019/6/8, , 21, 4, 
2019/6/9, , 24, 5, 
2019/6/10, , 25, 3, 
2019/6/11, , 10, 2, 
2019/6/12, , 7, 3, 
2019/6/13, , 14, 4, 
2019/6/14, , 13, 3, 
2019/6/15, , 13, 2, 
2019/6/16, , 13, 3, 
2019/6/17, , 27, 7, 
2019/6/18, , 21, 4, 
2019/6/19, , 16, 4, 
2019/6/20, , 9, 4, 
2019/6/21, , 17, 1, 
2019/6/22, , 12, 6, 
2019/6/23, , 10, 3, 
2019/6/24, , 8, 5, 
2019/6/25, , 12, 2, 
2019/6/26, , 11, 3, 
2019/6/27, , 16, 6, 
2019/6/28, , 17, 3, 
2019/6/29, , 11, 2, 
2019/6/30, , 18, 2, 
2019/1/1, , 17, 8, 
2019/1/2, , 15, 19, 
2019/1/3, , 39, 12, 
2019/1/4, , 15, 14, 
2019/1/5, , 16, 13, 
2019/1/6, , 11, 16, 
2019/1/7, , 11, 8, 
2019/1/8, , 8, 9, 
2019/1/9, , 25, 11, 
2019/1/10, , 13, 8, 
2019/1/11, , 26, 8, 
2019/1/12, , 15, 3, 
2019/1/13, , 8, 2, 
2019/1/14, , 18, 14, 
2019/1/15, , 14, 9, 
2019/1/16, , 11, 9, 
2019/1/17, , 16, 13, 
2019/1/18, , 36, 14, 
2019/1/19, , 24, 9, 
2019/1/20, , 15, 17, 
2019/1/21, , 16, 7, 
2019/1/22, , 11, 8, 
2019/1/23, , 23, 10, 
2019/1/24, , 31, 6, 
2019/1/25, , 28, 6, 
2019/1/26, , 17, 3, 
2019/1/27, , 21, 11, 
2019/1/28, , 25, 12, 
2019/1/29, , 10, 8, 
2019/1/30, , 13, 4, 
2019/1/31, , 13, 6, 
2019/2/1, , 10, 3, 
2019/2/2, , 3, 12, 
2019/2/3, , 13, 11, 
2019/2/4, , 14, 12, 
2019/2/5, , 11, 9, 
2019/2/6, , 9, 8, 
2019/2/7, , 14, 10, 
2019/2/8, , 17, 4, 
2019/2/9, , 22, 5, 
2019/2/10, , 28, 5, 
2019/2/11, , 15, 10, 
2019/2/12, , 23, 8, 
2019/2/13, , 34, 9, 
2019/2/14, , 22, 12, 
2019/2/15, , 25, 11, 
2019/2/16, , 36, 7, 
2019/2/17, , 20, 10, 
2019/2/18, , 46, 5, 
2019/2/19, , 21, 10, 
2019/2/20, , 12, 5, 
2019/2/21, , 7, 5, 
2019/2/22, , 12, 3, 
2019/2/23, , 22, 4, 
2019/2/24, , 19, 17, 
2019/2/25, , 43, 15, 
2019/2/26, , 43, 17, 
2019/2/27, , 53, 12, 
2019/2/28, , 33, 7, 
2019/3/1, , 26, 8, 
2019/3/2, , 21, 4, 
2019/3/3, , 34, 6, 
2019/3/4, , 12, 6, 
2019/3/5, , 4, 6, 
2019/3/6, , 10, 7, 
2019/3/7, , 3, 4, 
2019/3/8, , 17, 6, 
2019/3/9, , 10, 3, 
2019/3/10, , 7, 10, 
2019/3/11, , 20, 5, 
2019/3/12, , 11, 9, 
2019/3/13, , 10, 9, 
2019/3/14, , 7, 9, 
2019/3/15, , 5, 7, 
2019/3/16, , 12, 2, 
2019/3/17, , 13, 2, 
2019/3/18, , 9, 7, 
2019/3/19, , 18, 6, 
2019/3/20, , 24, 5, 
2019/3/21, , 17, 6, 
2019/3/22, , 19, 1, 
2019/3/23, , 28, 3, 
2019/3/24, , 19, 4, 
2019/3/25, , 17, 3, 
2019/3/26, , 11, 5, 
2019/3/27, , 13, 5, 
2019/3/28, , 14, 4, 
2019/3/29, , 28, 3, 
2019/3/30, , 21, 1, 
2019/3/31, , 8, 5, 
2018/10/1, , 4, 3, 
2018/10/2, , 9, 3, 
2018/10/3, , 7, 5, 
2018/10/4, , 13, 6, 
2018/10/5, , 16, 4, 
2018/10/6, , 10, 3, 
2018/10/7, , 6, 3, 
2018/10/8, , 12, 3, 
2018/10/9, , 35, 5, 
2018/10/10, , 33, 5, 
2018/10/11, , 33, 7, 
2018/10/12, , 44, 10, 
2018/10/13, , 51, 9, 
2018/10/14, , 36, 7, 
2018/10/15, , 24, 5, 
2018/10/16, , 7, 7, 
2018/10/17, , 17, 8, 
2018/10/18, , 13, 5, 
2018/10/19, , 11, 3, 
2018/10/20, , 11, 1, 
2018/10/21, , 17, 3, 
2018/10/22, , 15, 2, 
2018/10/23, , 6, 5, 
2018/10/24, , 10, 3, 
2018/10/25, , 8, 4, 
2018/10/26, , 5, 1, 
2018/10/27, , 4, 1, 
2018/10/28, , 5, 3, 
2018/10/29, , 8, 1, 
2018/10/30, , 3, 8, 
2018/10/31, , 11, 6, 
2018/11/1, , 19, 5, 
2018/11/2, , 8, 7, 
2018/11/3, , 20, 4, 
2018/11/4, , 29, 5, 
2018/11/5, , 16, 4, 
2018/11/6, , 4, 3, 
2018/11/7, , 17, 9, 
2018/11/8, , 30, 6, 
2018/11/9, , 8, 3, 
2018/11/10, , 23, 3, 
2018/11/11, , 23, 8, 
2018/11/12, , 32, 11, 
2018/11/13, , 26, 10, 
2018/11/14, , 21, 9, 
2018/11/15, , 35, 9, 
2018/11/16, , 29, 4, 
2018/11/17, , 21, 2, 
2018/11/18, , 8, 2, 
2018/11/19, , 7, 2, 
2018/11/20, , 8, 3, 
2018/11/21, , 4, 5, 
2018/11/22, , 5, 4, 
2018/11/23, , 6, 2, 
2018/11/24, , 8, 1, 
2018/11/25, , 9, 5, 
2018/11/26, , 14, 7, 
2018/11/27, , 14, 2, 
2018/11/28, , 11, 7, 
2018/11/29, , 24, 11, 
2018/11/30, , 37, 13, 
2018/12/1, , 19, 8, 
2018/12/2, , 12, 10, 
2018/12/3, , 18, 5, 
2018/12/4, , 17, 14, 
2018/12/5, , 27, 8, 
2018/12/6, , 7, 7, 
2018/12/7, , 4, 5, 
2018/12/8, , 5, 7, 
2018/12/9, , 6, 1, 
2018/12/10, , 6, 4, 
2018/12/11, , 11, 5, 
2018/12/12, , 8, 4, 
2018/12/13, , 7, 3, 
2018/12/14, , 8, 2, 
2018/12/15, , 7, 2, 
2018/12/16, , 10, 7, 
2018/12/17, , 6, 8, 
2018/12/18, , 10, 6, 
2018/12/19, , 17, 6, 
2018/12/20, , 20, 5, 
2018/12/21, , 6, 3, 
2018/12/22, , 7, 4, 
2018/12/23, , 5, 8, 
2018/12/24, , 11, 4, 
2018/12/25, , 6, 9, 
2018/12/26, , 8, 11, 
2018/12/27, , 9, 13, 
2018/12/28, , 9, 10, 
2018/12/29, , 12, 6, 
2018/12/30, , 9, , 
2018/7/1, , 6, 5, 
2018/7/2, , 10, 6, 
2018/7/3, , 14, 6, 
2018/7/4, , 18, 3, 
2018/7/5, , 15, 4, 
2018/7/6, , 12, 2, 
2018/7/7, , 11, 3, 
2018/7/8, , 13, 1, 
2018/7/9, , 6, 2, 
2018/7/10, , 8, 5, 
2018/7/11, , 10, 6, 
2018/7/12, , 11, 4, 
2018/7/13, , 12, 3, 
2018/7/14, , 10, 3, 
2018/7/15, , 12, 6, 
2018/7/16, , 12, 4, 
2018/7/17, , 13, 8, 
2018/7/18, , 13, 2, 
2018/7/19, , 14, 2, 
2018/7/20, , 17, 1, 
2018/7/21, , 12, 1, 
2018/7/22, , 7, 3, 
2018/7/23, , 11, 6, 
2018/7/24, , 14, 3, 
2018/7/25, , 16, 4, 
2018/7/26, , 10, 4, 
2018/7/27, , 13, 2, 
2018/7/28, , 24, 1, 
2018/7/29, , 31, 4, 
2018/7/30, , 45, 5, 
2018/7/31, , 26, 4, 
2018/8/1, , 11, 5, 
2018/8/2, , 11, 4, 
2018/8/3, , 16, 1, 
2018/8/4, , 4, , 
2018/8/5, , 7, 4, 
2018/8/6, , 11, 3, 
2018/8/7, , 19, 5, 
2018/8/8, , 26, 5, 
2018/8/9, , 12, 2, 
2018/8/10, , 12, 1, 
2018/8/11, , 8, 2, 
2018/8/12, , 7, 2, 
2018/8/13, , 6, 4, 
2018/8/14, , 7, 7, 
2018/8/15, , 17, 5, 
2018/8/16, , 46, 5, 
2018/8/17, , 13, 3, 
2018/8/18, , 23, 4, 
2018/8/19, , 21, 3, 
2018/8/20, , 4, 3, 
2018/8/21, , 6, 4, 
2018/8/22, , 32, 5, 
2018/8/23, , 7, 4, 
2018/8/24, , 7, 3, 
2018/8/25, , 6, 2, 
2018/8/26, , 6, 4, 
2018/8/27, , 18, 5, 
2018/8/28, , 6, 7, 
2018/8/29, , 12, 4, 
2018/8/30, , 8, 4, 
2018/8/31, , 9, 3, 
2018/9/1, , 10, 4, 
2018/9/2, , 9, 5, 
2018/9/3, , 9, 6, 
2018/9/4, , 15, 5, 
2018/9/5, , 12, 5, 
2018/9/6, , 15, 3, 
2018/9/7, , 26, 2, 
2018/9/8, , 10, 4, 
2018/9/9, , 20, 6, 
2018/9/10, , 19, 5, 
2018/9/11, , 17, 3, 
2018/9/12, , 14, 6, 
2018/9/13, , 15, 7, 
2018/9/14, , 12, 3, 
2018/9/15, , 9, 4, 
2018/9/16, , 17, 7, 
2018/9/17, , 20, 7, 
2018/9/18, , 51, 4, 
2018/9/19, , 55, 4, 
2018/9/20, , 25, 3, 
2018/9/21, , 29, 1, 
2018/9/26, , 5, 4, 
2018/9/27, , 13, 3, 
2018/9/28, , 5, 2, 
2018/9/29, , 9, 2, 
2018/9/30, , 12, 4, 
2018/4/1, , 18, 5, 
2018/4/2, , 13, 6, 
2018/4/3, , 8, 11, 
2018/4/4, , 12, 6, 
2018/4/5, , 7, 6, 
2018/4/6, , 15, 6, 
2018/4/7, , 17, 7, 
2018/4/8, , 13, 7, 
2018/4/9, , 13, 3, 
2018/4/10, , 15, 3, 
2018/4/11, , 15, 2, 
2018/4/12, , 20, 3, 
2018/4/13, , 16, 3, 
2018/4/14, , 16, 8, 
2018/4/15, , 17, 11, 
2018/4/16, , 19, 12, 
2018/4/17, , 15, 14, 
2018/4/18, , 17, 11, 
2018/4/19, , 21, 9, 
2018/4/20, , 19, 6, 
2018/4/21, , 8, 7, 
2018/4/22, , 9, 6, 
2018/4/23, , 12, 8, 
2018/4/24, , 11, 5, 
2018/4/25, , 12, 7, 
2018/4/26, , 16, 7, 
2018/4/27, , 17, 4, 
2018/4/28, , 7, 6, 
2018/4/29, , 7, 5, 
2018/4/30, , 10, 2, 
2018/5/1, , 2, 7, 
2018/5/2, , 14, 5, 
2018/5/3, , 15, 10, 
2018/5/4, , 14, 9, 
2018/5/5, , 14, 11, 
2018/5/6, , 14, 8, 
2018/5/7, , 20, 8, 
2018/5/8, , 15, 9, 
2018/5/9, , 18, 3, 
2018/5/10, , 13, 4, 
2018/5/11, , 8, 5, 
2018/5/12, , 10, 3, 
2018/5/13, , 9, 8, 
2018/5/14, , 19, 11, 
2018/5/15, , 18, 12, 
2018/5/16, , 19, 2, 
2018/5/17, , 10, 4, 
2018/5/18, , 11, 5, 
2018/5/19, , 8, 6, 
2018/5/20, , 11, 4, 
2018/5/21, , 12, 6, 
2018/5/22, , 11, 7, 
2018/5/23, , 16, 8, 
2018/5/25, , 16, 7, 
2018/5/26, , 14, 5, 
2018/5/27, , 14, 5, 
2018/5/28, , 10, 5, 
2018/5/29, , 13, 7, 
2018/5/30, , 16, 7, 
2018/5/31, , 17, 7, 
2018/6/1, , 9, 12, 
2018/6/2, , 14, 5, 
2018/6/3, , 13, 2, 
2018/6/4, , 14, 3, 
2018/6/5, , 14, 6, 
2018/6/6, , 7, 6, 
2018/6/7, , 11, 6, 
2018/6/8, , 16, 5, 
2018/6/19, , 18, 6, 
2018/6/20, , 15, 2, 
2018/6/21, , 5, 1, 
2018/6/22, , 6, 1, 
2018/6/23, , 5, 2, 
2018/6/24, , 4, 7, 
2018/6/25, , 13, 7, 
2018/6/26, , 24, 18, 
2018/6/27, , 24, 7, 
2018/6/28, , 13, 4, 
2018/6/29, , 8, 5, 
2018/6/30, , 8, 3, 
2018/1/1, , 24, 13, 
2018/1/2, , 11, 4, 
2018/1/3, , 7, 4, 
2018/1/4, , 3, 5, 
2018/1/5, , 4, 6, 
2018/1/6, , 12, 6, 
2018/1/7, , 11, 16, 
2018/1/8, , 16, 7, 
2018/1/9, , 8, 5, 
2018/1/10, , 7, 6, 
2018/1/11, , 3, 5, 
2018/1/12, , 5, 4, 
2018/1/13, , 6, 3, 
2018/1/14, , 13, 5, 
2018/1/15, , 17, 19, 
2018/1/16, , 10, 13, 
2018/1/17, , 7, 6, 
2018/1/18, , 4, 10, 
2018/1/19, , 8, 4, 
2018/1/20, , 6, 4, 
2018/1/21, , 4, 5, 
2018/1/22, , 11, 8, 
2018/1/23, , 11, 5, 
2018/1/24, , 24, 7, 
2018/1/25, , 16, 16, 
2018/1/26, , 9, 8, 
2018/1/27, , 14, 2, 
2018/1/28, , 14, 6, 
2018/1/29, , 6, 6, 
2018/1/30, , 12, 8, 
2018/1/31, , 11, 11, 
2018/2/1, , 4, 5, 
2018/2/2, , 10, 2, 
2018/2/3, , 10, 3, 
2018/2/4, , 12, 12, 
2018/2/5, , 24, 16, 
2018/2/6, , 22, 19, 
2018/2/7, , 27, 13, 
2018/2/8, , 17, 11, 
2018/2/9, , 25, 11, 
2018/2/10, , 26, 7, 
2018/2/11, , 13, 5, 
2018/2/12, , 1, 13, 
2018/2/13, , 12, 7, 
2018/2/14, , 20, 6, 
2018/2/15, , 17, 11, 
2018/2/16, , 8, 9, 
2018/2/17, , 16, 13, 
2018/2/18, , 14, 6, 
2018/2/19, , 4, 5, 
2018/2/20, , 7, 9, 
2018/2/21, , 9, 6, 
2018/2/22, , 6, 11, 
2018/2/23, , 15, 4, 
2018/2/24, , 9, 4, 
2018/2/25, , 6, 7, 
2018/2/26, , 14, 3, 
2018/2/27, , 20, 4, 
2018/2/28, , 18, 4, 
2018/3/1, , 9, 6, 
2018/3/2, , 9, 5, 
2018/3/3, , 6, 4, 
2018/3/4, , 10, 6, 
2018/3/5, , 8, 7, 
2018/3/6, , 9, 8, 
2018/3/7, , 21, 8, 
2018/3/8, , 15, 13, 
2018/3/9, , 11, 8, 
2018/3/10, , 12, 3, 
2018/3/11, , 9, 10, 
2018/3/12, , 4, 14, 
2018/3/13, , 7, 8, 
2018/3/14, , 5, 3, 
2018/3/15, , 7, 2, 
2018/3/16, , 11, 2, 
2018/3/17, , 10, 9, 
2018/3/18, , 17, 14, 
2018/3/19, , 30, 11, 
2018/3/20, , 21, 12, 
2018/3/21, , 16, 12, 
2018/3/22, , 10, 10, 
2018/3/23, , 5, 7, 
2018/3/24, , 18, 8, 
2018/3/25, , 10, 7, 
2018/3/26, , 11, 3, 
2018/3/27, , 16, 2, 
2018/3/28, , 12, 2, 
2018/3/29, , 10, 2, 
2018/3/30, , 12, 3, 
2018/3/31, , 10, 5, 
2017/10/1, , 13, 7, 
2017/10/2, , 18, 3, 
2017/10/3, , 9, 4, 
2017/10/4, , 6, 5, 
2017/10/5, , 5, 3, 
2017/10/6, , 4, 4, 
2017/10/7, , 11, 7, 
2017/10/8, , 9, 8, 
2017/10/9, , 8, 9, 
2017/10/10, , 6, 9, 
2017/10/11, , 6, 4, 
2017/10/12, , 8, 9, 
2017/10/13, , 15, 3, 
2017/10/14, , 13, 6, 
2017/10/15, , 17, 10, 
2017/10/16, , 12, 4, 
2017/10/17, , 21, 7, 
2017/10/18, , 4, 5, 
2017/10/19, , 6, 3, 
2017/10/20, , 5, 2, 
2017/10/21, , 5, 2, 
2017/10/22, , 9, 4, 
2017/10/23, , 3, 5, 
2017/10/24, , 8, 10, 
2017/10/25, , 7, 10, 
2017/10/26, , 10, 7, 
2017/10/27, , 10, 2, 
2017/10/28, , 9, 1, 
2017/10/29, , 4, 4, 
2017/10/30, , 8, 9, 
2017/10/31, , 13, 9, 
2017/11/1, , 11, 11, 
2017/11/2, , 10, 11, 
2017/11/3, , 14, 9, 
2017/11/4, , 9, 5, 
2017/11/5, , 11, 6, 
2017/11/6, , 15, , 
2017/11/7, , 17, , 
2017/11/8, , 14, , 
2017/11/9, , 14, , 
2017/11/10, , 8, , 
2017/11/11, , 9, , 
2017/11/12, , 9, , 
2017/11/13, , 21, , 
2017/11/14, , 16, , 
2017/11/15, , 20, , 
2017/11/16, , 13, , 
2017/11/17, , 11, , 
2017/11/18, , 7, , 
2017/11/19, , 14, , 
2017/11/20, , 14, , 
2017/11/21, , 9, , 
2017/11/23, , 16, , 
2017/11/24, , 9, , 
2017/11/25, , 10, , 
2017/11/26, , 9, 9, 
2017/11/27, , 5, 4, 
2017/11/28, , 3, 10, 
2017/11/29, , 16, 7, 
2017/11/30, , 11, 12, 
2017/12/1, , 30, 14, 
2017/12/2, , 12, 3, 
2017/12/3, , 12, 7, 
2017/12/4, , 17, 5, 
2017/12/5, , 4, 4, 
2017/12/6, , 8, 3, 
2017/12/7, , 23, 3, 
2017/12/8, , 8, 3, 
2017/12/9, , 12, 7, 
2017/12/10, , 7, 7, 
2017/12/11, , 4, 16, 
2017/12/12, , 16, 18, 
2017/12/13, , 14, 7, 
2017/12/14, , 5, 12, 
2017/12/15, , 6, 10, 
2017/12/16, , 10, 10, 
2017/12/17, , 11, 15, 
2017/12/18, , 7, 17, 
2017/12/19, , 16, 18, 
2017/12/20, , 9, 19, 
2017/12/21, , 11, 13, 
2017/12/22, , 13, 2, 
2017/12/23, , 5, 9, 
2017/12/24, , 7, 4, 
2017/12/25, , 5, 5, 
2017/12/26, , 21, 10, 
2017/12/27, , 13, 7, 
2017/12/28, , 4, 13, 
2017/12/29, , 11, 4, 
2017/12/30, , 5, , 
2017/7/1, , 14, 1, 
2017/7/2, , 9, 2, 
2017/7/3, , 8, 3, 
2017/7/4, , 5, 4, 
2017/7/5, , 8, 5, 
2017/7/6, , 11, 5, 
2017/7/7, , 5, 2, 
2017/7/8, , 5, 2, 
2017/7/9, , 9, 9, 
2017/7/10, , 11, 5, 
2017/7/11, , 6, 1, 
2017/7/12, , 5, 1, 
2017/7/13, , 5, 4, 
2017/7/14, , 11, 3, 
2017/7/15, , 10, 3, 
2017/7/16, , 8, 2, 
2017/7/17, , 8, 1, 
2017/7/18, , 3, 2, 
2017/7/19, , 7, 2, 
2017/7/20, , 9, 5, 
2017/7/21, , 5, 2, 
2017/7/22, , 8, 2, 
2017/7/23, , 7, 3, 
2017/7/24, , 6, 3, 
2017/7/25, , 7, 3, 
2017/7/26, , 7, 3, 
2017/7/27, , 11, 6, 
2017/7/28, , 9, 3, 
2017/7/29, , 7, 3, 
2017/7/30, , 8, 5, 
2017/7/31, , 12, 7, 
2017/8/1, , 15, 5, 
2017/8/2, , 10, 4, 
2017/8/3, , 13, 7, 
2017/8/4, , 6, 2, 
2017/8/5, , 5, 1, 
2017/8/6, , 10, 6, 
2017/8/7, , 9, 4, 
2017/8/8, , 6, 4, 
2017/8/9, , 4, 4, 
2017/8/10, , 6, 4, 
2017/8/11, , 9, 3, 
2017/8/12, , 8, 1, 
2017/8/13, , 7, 5, 
2017/8/14, , 8, 8, 
2017/8/15, , 14, 6, 
2017/8/16, , 9, 8, 
2017/8/17, , 9, 9, 
2017/8/18, , 12, 4, 
2017/8/19, , 8, 3, 
2017/8/20, , 7, 3, 
2017/8/21, , 4, 5, 
2017/8/22, , 6, 6, 
2017/8/23, , 8, 6, 
2017/8/24, , 9, 5, 
2017/8/25, , 5, 4, 
2017/8/26, , 6, 4, 
2017/8/27, , 5, 9, 
2017/8/28, , 13, 5, 
2017/8/29, , 12, 7, 
2017/8/30, , 12, 5, 
2017/8/31, , 6, 5, 
2017/9/1, , 5, 4, 
2017/9/2, , 6, 3, 
2017/9/3, , 6, 4, 
2017/9/4, , 5, 4, 
2017/9/5, , 6, 5, 
2017/9/6, , 18, , 
2017/9/11, , 16, 5, 
2017/9/12, , 12, 5, 
2017/9/13, , 7, 6, 
2017/9/14, , 7, 5, 
2017/9/15, , 6, 3, 
2017/9/16, , 5, 4, 
2017/9/17, , 6, 5, 
2017/9/18, , 6, 5, 
2017/9/19, , 4, 5, 
2017/9/20, , 5, 5, 
2017/9/21, , 4, 6, 
2017/9/22, , 7, 3, 
2017/9/23, , 8, 2, 
2017/9/24, , 129, 3, 
2017/9/25, , 15, 4, 
2017/9/26, , 15, 3, 
2017/9/27, , 21, 3, 
2017/9/28, , 20, 3, 
2017/9/29, , 20, 2, 
2017/9/30, , 24, 2, 
2017/4/1, , 12, 5, 
2017/4/2, , 8, 7, 
2017/4/3, , 11, 9, 
2017/4/4, , 14, 3, 
2017/4/5, , 18, 7, 
2017/4/6, , 15, 3, 
2017/4/7, , 7, 5, 
2017/4/8, , 9, 6, 
2017/4/9, , 21, 4, 
2017/4/10, , 21, 3, 
2017/4/11, , 9, 5, 
2017/4/12, , 10, 2, 
2017/4/13, , 6, 1, 
2017/4/14, , 5, 2, 
2017/4/15, , 5, 3, 
2017/4/16, , 5, 3, 
2017/4/17, , 2, 5, 
2017/4/18, , 8, 7, 
2017/4/19, , 15, 5, 
2017/4/20, , 14, 3, 
2017/4/21, , 16, 1, 
2017/4/22, , 4, 1, 
2017/4/23, , 5, 3, 
2017/4/24, , 8, 4, 
2017/4/25, , 4, 7, 
2017/4/26, , 10, 4, 
2017/4/27, , 7, 4, 
2017/4/28, , 1, 2, 
2017/4/29, , 7, 4, 
2017/4/30, , 7, 2, 
2017/5/1, , 8, 6, 
2017/5/2, , 9, 7, 
2017/5/3, , 10, 4, 
2017/5/4, , 11, 8, 
2017/5/5, , 11, 9, 
2017/5/6, , 12, 4, 
2017/5/7, , 10, 4, 
2017/5/8, , 10, 6, 
2017/5/9, , 15, 6, 
2017/5/10, , 4, 3, 
2017/5/11, , 7, 3, 
2017/5/12, , 6, 3, 
2017/5/13, , 6, 3, 
2017/5/14, , 5, 6, 
2017/5/15, , 8, 7, 
2017/5/16, , 6, 7, 
2017/5/17, , 6, 10, 
2017/5/18, , 13, 6, 
2017/5/19, , 7, 4, 
2017/5/20, , 8, 3, 
2017/5/21, , 7, 5, 
2017/5/22, , 10, 7, 
2017/5/23, , 9, 3, 
2017/5/24, , 7, 1, 
2017/5/29, , 11, 4, 
2017/5/30, , 9, 2, 
2017/5/31, , 6, 3, 
2017/6/1, , 7, 5, 
2017/6/2, , 4, 3, 
2017/6/3, , 7, 3, 
2017/6/4, , 8, 3, 
2017/6/5, , 8, 5, 
2017/6/6, , 18, 4, 
2017/6/7, , 7, 5, 
2017/6/8, , 6, 7, 
2017/6/9, , 8, 3, 
2017/6/10, , 7, 4, 
2017/6/11, , 12, 4, 
2017/6/12, , 14, 2, 
2017/6/13, , 4, 3, 
2017/6/14, , 5, 5, 
2017/6/15, , 7, 3, 
2017/6/16, , 8, 2, 
2017/6/17, , 6, 3, 
2017/6/18, , 6, 4, 
2017/6/19, , 8, 2, 
2017/6/20, , 9, 6, 
2017/6/21, , 7, 5, 
2017/6/22, , 6, 5, 
2017/6/23, , 6, 2, 
2017/6/24, , 9, 2, 
2017/6/25, , 14, 2, 
2017/6/26, , 8, 2, 
2017/6/27, , 6, 4, 
2017/6/28, , 8, 3, 
2017/6/29, , 12, 4, 
2017/6/30, , 13, 6, 
2017/1/2, , 21, 5, 
2017/1/3, , 10, 5, 
2017/1/4, , 15, 7, 
2017/1/5, , 22, 7, 
2017/1/6, , 12, 12, 
2017/1/7, , 10, 9, 
2017/1/8, , 9, 9, 
2017/1/9, , 11, 11, 
2017/1/10, , 12, 5, 
2017/1/11, , 12, 5, 
2017/1/12, , 10, 14, 
2017/1/13, , 9, 2, 
2017/1/14, , 3, 9, 
2017/1/15, , 9, 14, 
2017/1/16, , 13, 17, 
2017/1/17, , 13, 10, 
2017/1/18, , 5, 11, 
2017/1/19, , 6, 12, 
2017/1/20, , 14, 15, 
2017/1/21, , 12, 6, 
2017/1/22, , 5, 13, 
2017/1/23, , 7, 20, 
2017/1/24, , 23, 8, 
2017/1/25, , 21, 8, 
2017/1/26, , 20, 6, 
2017/1/27, , 12, 7, 
2017/1/28, , 20, 8, 
2017/1/29, , 21, 18, 
2017/1/30, , 13, 7, 
2017/1/31, , 10, 6, 
2017/2/1, , 23, 8, 
2017/2/2, , 22, 6, 
2017/2/3, , 19, 2, 
2017/2/4, , 7, 1, 
2017/2/5, , 2, 3, 
2017/2/6, , 8, 4, 
2017/2/7, , 14, 4, 
2017/2/8, , 13, 4, 
2017/2/9, , 6, 6, 
2017/2/10, , 6, 2, 
2017/2/11, , 7, 3, 
2017/2/12, , 6, 16, 
2017/2/13, , 14, 22, 
2017/2/14, , 18, 20, 
2017/2/15, , 20, 19, 
2017/2/16, , 25, 24, 
2017/2/17, , 15, 9, 
2017/2/18, , 11, 5, 
2017/2/19, , 5, 6, 
2017/2/20, , 5, 3, 
2017/2/21, , 19, 4, 
2017/2/22, , 11, 7, 
2017/2/23, , 10, 4, 
2017/2/24, , 16, 7, 
2017/2/25, , 9, 12, 
2017/2/26, , 11, 10, 
2017/2/27, , 18, 5, 
2017/2/28, , 15, 10, 
2017/3/1, , 12, 10, 
2017/3/2, , 7, 9, 
2017/3/3, , 16, 5, 
2017/3/4, , 5, 1, 
2017/3/5, , 4, 5, 
2017/3/6, , 6, 8, 
2017/3/7, , 8, 12, 
2017/3/8, , 10, 18, 
2017/3/9, , 16, 11, 
2017/3/10, , 6, 8, 
2017/3/11, , 13, 6, 
2017/3/12, , 6, 14, 
2017/3/13, , 14, 8, 
2017/3/14, , 17, 2, 
2017/3/15, , 16, 8, 
2017/3/16, , 23, 5, 
2017/3/17, , 11, 3, 
2017/3/18, , 17, 5, 
2017/3/19, , 8, 9, 
2017/3/20, , 9, 4, 
2017/3/21, , 14, 7, 
2017/3/22, , 14, 9, 
2017/3/23, , 21, 8, 
2017/3/24, , 22, 3, 
2017/3/25, , 15, 8, 
2017/3/26, , 18, 11, 
2017/3/27, , 24, 10, 
2017/3/28, , 25, 7, 
2017/3/29, , 10, 9, 
2017/3/30, , 20, 12, 
2017/3/31, , 7, 8, 
2016/10/1, , 10, 2, 
2016/10/2, , 3, 5, 
2016/10/3, , 5, 6, 
2016/10/4, , 4, 4, 
2016/10/5, , 4, 3, 
2016/10/6, , 4, 3, 
2016/10/7, , 5, 1, 
2016/10/8, , 4, 1, 
2016/10/9, , 3, 2, 
2016/10/10, , 4, 3, 
2016/10/11, , 4, 4, 
2016/10/12, , 4, 5, 
2016/10/13, , 8, 3, 
2016/10/14, , 10, 1, 
2016/10/17, , 58, 7, 
2016/10/24, , 4, 6, 
2016/10/26, , 46, 9, 
2016/10/27, , 15, 4, 
2016/10/28, , 10, 4, 
2016/10/29, , 10, 10, 
2016/10/31, , 13, 3, 
2016/11/1, , 5, 9, 
2016/11/2, , 10, 7, 
2016/11/3, , 8, 5, 
2016/11/4, , 31, 3, 
2016/11/5, , 3, 1, 
2016/11/6, , 4, 5, 
2016/11/7, , 6, 4, 
2016/11/8, , 6, 4, 
2016/11/9, , 7, 5, 
2016/11/10, , 8, 14, 
2016/11/11, , 18, 5, 
2016/11/12, , 15, 7, 
2016/11/13, , 26, 16, 
2016/11/14, , 12, 17, 
2016/11/15, , 15, 11, 
2016/11/16, , 17, 15, 
2016/11/17, , 9, 10, 
2016/11/18, , 11, 12, 
2016/11/19, , 9, 4, 
2016/11/20, , 8, 8, 
2016/11/21, , 3, 9, 
2016/11/22, , 11, 10, 
2016/11/23, , 17, 4, 
2016/11/24, , 8, 7, 
2016/11/25, , 14, 2, 
2016/11/26, , 15, 6, 
2016/11/27, , 19, 16, 
2016/11/28, , 36, 9, 
2016/11/29, , 22, 19, 
2016/11/30, , 32, 13, 
2016/12/1, , 21, 16, 
2016/12/2, , 38, 11, 
2016/12/3, , 17, 6, 
2016/12/4, , 7, 14, 
2016/12/5, , 23, 17, 
2016/12/6, , 29, 14, 
2016/12/7, , 16, 10, 
2016/12/8, , 16, 13, 
2016/12/9, , 17, 12, 
2016/12/10, , 14, 7, 
2016/12/11, , 8, 10, 
2016/12/12, , 10, 14, 
2016/12/13, , 14, 16, 
2016/12/14, , 15, 11, 
2016/12/15, , 9, 11, 
2016/12/16, , 9, 14, 
2016/12/17, , 11, 13, 
2016/12/18, , 9, 14, 
2016/12/19, , 10, 8, 
2016/12/20, , 9, 7, 
2016/12/21, , 17, 6, 
2016/12/22, , 19, 11, 
2016/12/23, , 17, 2, 
2016/12/24, , 10, 5, 
2016/12/25, , 11, 1, 
2016/12/26, , 12, 6, 
2016/12/27, , 18, 13, 
2016/12/28, , 18, 6, 
2016/12/29, , 17, 4, 
2016/12/30, , 24, 2, 
2016/12/31, , 26, 2, 
2017/1/1, , 8, 11, 
2016/7/1, , 16, 4, 
2016/7/2, , 13, 3, 
2016/7/3, , 8, 4, 
2016/7/4, , 7, 4, 
2016/7/5, , 7, 2, 
2016/7/6, , 5, 5, 
2016/7/7, , 8, 4, 
2016/7/8, , 9, 2, 
2016/7/9, , 8, 3, 
2016/7/10, , 12, 4, 
2016/7/11, , 11, , 
2016/7/12, , 6, , 
2016/7/13, , 4, , 
2016/7/14, , 6, , 
2016/7/15, , 7, , 
2016/7/16, , 7, , 
2016/7/17, , 6, , 
2016/7/18, , 6, , 
2016/7/19, , 6, , 
2016/7/20, , 5, 6, 
2016/7/21, , 7, 4, 
2016/7/22, , 10, 3, 
2016/7/23, , 9, 4, 
2016/7/24, , 10, 5, 
2016/7/25, , 13, 4, 
2016/7/26, , 9, 7, 
2016/7/27, , 13, 4, 
2016/7/28, , 5, 6, 
2016/7/29, , 7, 2, 
2016/7/30, , 5, 3, 
2016/7/31, , 5, 3, 
2016/8/1, , 7, 4, 
2016/8/2, , 10, 4, 
2016/8/3, , 8, 6, 
2016/8/4, , 14, 4, 
2016/8/5, , 8, 1, 
2016/8/6, , 4, 1, 
2016/8/7, , 8, 4, 
2016/8/8, , 19, 1, 
2016/8/9, , 12, 1, 
2016/8/10, , 5, 3, 
2016/8/11, , 8, 4, 
2016/8/12, , 6, 3, 
2016/8/13, , 6, 1, 
2016/8/14, , 3, 5, 
2016/8/15, , 6, 5, 
2016/8/16, , 8, 7, 
2016/8/17, , 10, 3, 
2016/8/18, , 7, 5, 
2016/8/19, , 8, 5, 
2016/8/20, , 11, 3, 
2016/8/21, , 17, 8, 
2016/8/22, , 13, 6, 
2016/8/23, , 7, 7, 
2016/8/24, , 10, 9, 
2016/8/25, , 13, 7, 
2016/8/26, , 14, 3, 
2016/8/27, , 10, 3, 
2016/8/28, , 5, 3, 
2016/8/29, , 4, 5, 
2016/8/30, , 8, 8, 
2016/8/31, , 18, 4, 
2016/9/1, , 9, 9, 
2016/9/2, , 12, 3, 
2016/9/3, , 7, 4, 
2016/9/4, , 5, 7, 
2016/9/5, , 7, 5, 
2016/9/6, , 11, 6, 
2016/9/7, , 8, 7, 
2016/9/8, , 11, 8, 
2016/9/9, , 17, 10, 
2016/9/10, , 29, 5, 
2016/9/11, , 18, 5, 
2016/9/12, , 12, 5, 
2016/9/13, , 15, 8, 
2016/9/14, , 19, 8, 
2016/9/15, , 19, 3, 
2016/9/16, , 17, 2, 
2016/9/17, , 5, 3, 
2016/9/18, , 6, 8, 
2016/9/19, , 7, 5, 
2016/9/20, , 9, 7, 
2016/9/21, , 13, 10, 
2016/9/22, , 12, 8, 
2016/9/23, , 10, 5, 
2016/9/24, , 15, 4, 
2016/9/25, , 24, 9, 
2016/9/26, , 17, 4, 
2016/9/27, , 18, 4, 
2016/9/28, , 19, 2, 
2016/9/29, , 19, 6, 
2016/9/30, , 8, 7, 
2016/4/1, , 20, 15, 
2016/4/2, , 19, 9, 
2016/4/3, , 12, 7, 
2016/4/4, , 16, 11, 
2016/4/5, , 10, 11, 
2016/4/6, , 13, 11, 
2016/4/7, , 15, 6, 
2016/4/8, , 14, 4, 
2016/4/9, , 10, 2, 
2016/4/10, , 9, 6, 
2016/4/11, , 11, 8, 
2016/4/12, , 16, 8, 
2016/4/13, , 11, 9, 
2016/4/14, , 18, 8, 
2016/4/15, , 10, 4, 
2016/4/16, , 7, 1, 
2016/4/17, , 5, 4, 
2016/4/18, , 14, 2, 
2016/4/19, , 5, 2, 
2016/4/20, , 7, 4, 
2016/4/21, , 13, 2, 
2016/4/22, , 5, 2, 
2016/4/23, , 5, 2, 
2016/4/24, , 4, 4, 
2016/4/25, , 7, 4, 
2016/4/26, , 5, 6, 
2016/4/27, , 9, 9, 
2016/4/28, , 6, 10, 
2016/4/29, , 8, 7, 
2016/4/30, , 10, 9, 
2016/5/1, , 9, 11, 
2016/5/2, , 15, 7, 
2016/5/3, , 12, 7, 
2016/5/4, , 13, 5, 
2016/5/5, , 13, 6, 
2016/5/6, , 11, 3, 
2016/5/7, , 11, 4, 
2016/5/8, , 14, 11, 
2016/5/9, , 24, 10, 
2016/5/10, , 22, 5, 
2016/5/11, , 18, 10, 
2016/5/12, , 15, 5, 
2016/5/13, , 12, 3, 
2016/5/14, , 5, 2, 
2016/5/15, , 5, 2, 
2016/5/16, , 6, 2, 
2016/5/17, , 10, 7, 
2016/5/18, , 17, 8, 
2016/5/19, , 11, 7, 
2016/5/20, , 14, 7, 
2016/5/21, , 11, 9, 
2016/5/22, , 13, 10, 
2016/5/23, , 10, 4, 
2016/5/24, , 10, 3, 
2016/5/30, , 7, 4, 
2016/5/31, , 13, 6, 
2016/6/1, , 15, 6, 
2016/6/2, , 17, 9, 
2016/6/3, , 16, 4, 
2016/6/4, , 11, 3, 
2016/6/5, , 8, 5, 
2016/6/6, , 12, 6, 
2016/6/7, , 11, 5, 
2016/6/8, , 10, 5, 
2016/6/9, , 13, 4, 
2016/6/10, , 7, 2, 
2016/6/11, , 4, 2, 
2016/6/12, , 4, 3, 
2016/6/13, , 5, 4, 
2016/6/14, , 8, 6, 
2016/6/15, , 8, 6, 
2016/6/16, , 10, 4, 
2016/6/17, , 7, 3, 
2016/6/18, , 10, 2, 
2016/6/19, , 6, 7, 
2016/6/20, , 10, 5, 
2016/6/21, , 7, 5, 
2016/6/22, , 9, 7, 
2016/6/23, , 9, 6, 
2016/6/24, , 7, 7, 
2016/6/25, , 6, 3, 
2016/6/26, , 7, 8, 
2016/6/27, , 7, 4, 
2016/6/28, , 9, 6, 
2016/6/29, , 12, 5, 
2016/6/30, , 16, 7, 
2016/1/4, , 8, 6, 
2016/1/5, , 7, 6, 
2016/1/6, , 6, 6, 
2016/1/7, , 9, 5, 
2016/1/8, , 7, 3, 
2016/1/9, , 8, 4, 
2016/1/10, , 8, 6, 
2016/1/11, , 3, 6, 
2016/1/12, , 2, 7, 
2016/1/13, , 5, 7, 
2016/1/14, , 7, 11, 
2016/1/15, , 12, 7, 
2016/1/16, , 8, 14, 
2016/1/17, , 13, 19, 
2016/1/18, , 14, 23, 
2016/1/19, , 14, 21, 
2016/1/20, , 14, 22, 
2016/1/21, , 17, 13, 
2016/1/22, , 20, 12, 
2016/1/23, , 19, 15, 
2016/1/24, , 23, 19, 
2016/1/25, , 21, 15, 
2016/1/26, , 26, 11, 
2016/1/27, , 19, 5, 
2016/1/28, , 13, 4, 
2016/1/29, , 32, 4, 
2016/1/30, , 26, 4, 
2016/1/31, , 9, 10, 
2016/2/1, , 18, 3, 
2016/2/2, , 24, 4, 
2016/2/3, , 13, 6, 
2016/2/4, , 16, 15, 
2016/2/5, , 15, 11, 
2016/2/6, , 22, 9, 
2016/2/7, , 33, 11, 
2016/2/8, , 27, 14, 
2016/2/9, , 11, 12, 
2016/2/10, , 7, 11, 
2016/2/11, , 19, 7, 
2016/2/12, , 18, 8, 
2016/2/13, , 17, 7, 
2016/2/14, , 18, 11, 
2016/2/15, , 48, 11, 
2016/2/16, , 33, 9, 
2016/2/17, , 27, 12, 
2016/2/18, , 14, 12, 
2016/2/19, , 13, 8, 
2016/2/20, , 18, 5, 
2016/2/21, , 9, 11, 
2016/2/22, , 10, 7, 
2016/2/23, , 10, 5, 
2016/2/24, , 23, 9, 
2016/2/25, , 24, 6, 
2016/2/26, , 25, 9, 
2016/2/27, , 21, 11, 
2016/2/28, , 23, 9, 
2016/2/29, , 18, 6, 
2016/3/1, , 12, 9, 
2016/3/2, , 5, 15, 
2016/3/3, , 10, 10, 
2016/3/4, , 8, 3, 
2016/3/5, , 4, 4, 
2016/3/6, , 3, 6, 
2016/3/7, , 5, 11, 
2016/3/8, , 9, 14, 
2016/3/9, , 12, 13, 
2016/3/10, , 15, 16, 
2016/3/11, , 19, 17, 
2016/3/12, , 24, 12, 
2016/3/13, , 23, 19, 
2016/3/14, , 20, 14, 
2016/3/15, , 25, 13, 
2016/3/16, , 30, 11, 
2016/3/17, , 31, 13, 
2016/3/18, , 36, 4, 
2016/3/19, , 18, 2, 
2016/3/20, , 9, 6, 
2016/3/21, , 17, 4, 
2016/3/22, , 17, 6, 
2016/3/23, , 13, 10, 
2016/3/24, , 16, 6, 
2016/3/25, , 11, 7, 
2016/3/26, , 26, 12, 
2016/3/27, , 27, 3, 
2016/3/28, , 22, 7, 
2016/3/29, , 19, 10, 
2016/3/30, , 18, 7, 
2016/3/31, , 24, 10, 
2015/10/1, , 7, 6, 
2015/10/2, , 9, 7, 
2015/10/3, , 6, 6, 
2015/10/4, , 5, 6, 
2015/10/5, , 8, 3, 
2015/10/6, , 14, 4, 
2015/10/7, , 9, 5, 
2015/10/8, , 7, 7, 
2015/10/9, , 9, 6, 
2015/10/10, , 10, 6, 
2015/10/11, , 7, 9, 
2015/10/12, , 5, 8, 
2015/10/13, , 7, 7, 
2015/10/14, , 6, 7, 
2015/10/15, , 13, 9, 
2015/10/16, , 16, 9, 
2015/10/17, , 8, 9, 
2015/10/18, , 7, 8, 
2015/10/19, , 8, 10, 
2015/10/20, , 8, 10, 
2015/10/21, , 11, 6, 
2015/10/22, , 11, 10, 
2015/10/23, , 11, 10, 
2015/10/24, , 21, 7, 
2015/10/25, , 7, 14, 
2015/10/26, , 14, 10, 
2015/10/27, , 14, 6, 
2015/10/28, , 11, 8, 
2015/10/29, , 5, 7, 
2015/10/30, , 15, 8, 
2015/10/31, , 36, 11, 
2015/11/1, , 19, 11, 
2015/11/2, , 14, 17, 
2015/11/3, , 9, 9, 
2015/11/4, , 33, 9, 
2015/11/5, , 11, 10, 
2015/11/6, , 6, 6, 
2015/11/7, , 10, 5, 
2015/11/8, , 17, 4, 
2015/11/9, , 18, 8, 
2015/11/23, , 65, 17, 
2015/11/24, , 15, 15, 
2015/11/25, , 15, 18, 
2015/11/26, , 19, 5, 
2015/11/27, , 11, 8, 
2015/11/28, , 19, 6, 
2015/11/29, , 9, 5, 
2015/11/30, , 12, 9, 
2015/12/1, , 16, 11, 
2015/12/2, , 14, 17, 
2015/12/3, , 19, 5, 
2015/12/4, , 22, 2, 
2015/12/5, , 24, 2, 
2015/12/6, , 15, 12, 
2015/12/7, , 16, 9, 
2015/12/8, , 17, 7, 
2015/12/9, , 27, 5, 
2015/12/10, , 26, 13, 
2015/12/11, , 7, 19, 
2015/12/12, , 17, 12, 
2015/12/13, , 10, 8, 
2015/12/14, , 5, 10, 
2015/12/15, , 4, 8, 
2015/12/16, , 9, 13, 
2015/12/17, , 12, 8, 
2015/12/18, , 34, 6, 
2015/12/19, , 14, 6, 
2015/12/20, , 45, 6, 
2015/12/21, , 26, 8, 
2015/12/22, , 22, 5, 
2015/12/23, , 24, 4, 
2015/12/24, , 35, 3, 
2015/12/25, , 13, 4, 
2015/12/26, , 8, 3, 
2015/12/27, , 5, 5, 
2015/12/28, , 3, 2, 
2015/12/29, , 13, 8, 
2015/12/30, , 28, , 
2015/7/1, , 7, 10, 
2015/7/2, , 11, 12, 
2015/7/3, , 17, 10, 
2015/7/4, , 10, 9, 
2015/7/5, , 13, 7, 
2015/7/6, , 8, 6, 
2015/7/7, , 10, 7, 
2015/7/8, , 6, 2, 
2015/7/9, , 5, 2, 
2015/7/10, , 4, 3, 
2015/7/11, , 8, 5, 
2015/7/12, , 10, 4, 
2015/7/13, , 6, 2, 
2015/7/14, , 6, 2, 
2015/7/15, , 5, 2, 
2015/7/16, , 6, 3, 
2015/7/17, , 5, 3, 
2015/7/18, , 12, 3, 
2015/7/19, , 13, 4, 
2015/7/20, , 5, 6, 
2015/7/21, , 8, 5, 
2015/7/22, , 11, 4, 
2015/7/23, , 7, 6, 
2015/7/24, , 11, 4, 
2015/7/25, , 5, 2, 
2015/7/26, , 4, 5, 
2015/7/27, , 7, 5, 
2015/7/28, , 9, 4, 
2015/7/29, , 5, 5, 
2015/7/30, , 7, 3, 
2015/7/31, , 4, 5, 
2015/8/1, , 10, 4, 
2015/8/2, , 10, 4, 
2015/8/3, , 6, 7, 
2015/8/4, , 11, 7, 
2015/8/5, , 14, 7, 
2015/8/6, , 13, 6, 
2015/8/7, , 12, 3, 
2015/8/8, , 6, 5, 
2015/8/9, , 11, 7, 
2015/8/10, , 11, 6, 
2015/8/11, , 12, 3, 
2015/8/12, , 4, 5, 
2015/8/13, , 6, 5, 
2015/8/14, , 11, 4, 
2015/8/15, , 8, 4, 
2015/8/16, , 7, 4, 
2015/8/17, , 12, 4, 
2015/8/18, , 13, 5, 
2015/8/19, , 29, 6, 
2015/8/20, , 149, 7, 
2015/8/21, , 16, 5, 
2015/8/22, , 18, 4, 
2015/8/23, , 17, 5, 
2015/8/24, , 16, 5, 
2015/8/25, , 14, 6, 
2015/8/26, , 15, 8, 
2015/8/27, , 16, 6, 
2015/8/28, , 10, 5, 
2015/8/29, , 12, 6, 
2015/8/30, , 12, 5, 
2015/8/31, , 6, 5, 
2015/9/1, , 5, 6, 
2015/9/2, , 4, 6, 
2015/9/3, , 9, 6, 
2015/9/4, , 6, 3, 
2015/9/5, , 5, 4, 
2015/9/6, , 4, 7, 
2015/9/7, , 4, 8, 
2015/9/8, , 9, 6, 
2015/9/9, , 10, 6, 
2015/9/10, , 8, 5, 
2015/9/11, , 9, 3, 
2015/9/12, , 14, 3, 
2015/9/13, , 17, 5, 
2015/9/14, , 22, 6, 
2015/9/15, , 13, 7, 
2015/9/16, , 8, 6, 
2015/9/17, , 9, 5, 
2015/9/18, , 7, 2, 
2015/9/19, , 4, 5, 
2015/9/20, , 4, 7, 
2015/9/21, , 4, 7, 
2015/9/22, , 10, 7, 
2015/9/23, , 8, 8, 
2015/9/24, , 9, 10, 
2015/9/25, , 9, 4, 
2015/9/26, , 5, 5, 
2015/9/27, , 5, 5, 
2015/9/28, , 6, 6, 
2015/9/29, , 8, 8, 
2015/9/30, , 10, 8, 
2015/4/1, , 11, 4, 
2015/4/2, , 4, 5, 
2015/4/3, , 7, 8, 
2015/4/4, , 8, 7, 
2015/4/5, , 9, 8, 
2015/4/6, , 11, 10, 
2015/4/7, , 13, 12, 
2015/4/8, , 16, 15, 
2015/4/9, , 22, 16, 
2015/4/10, , 15, 11, 
2015/4/11, , 15, 10, 
2015/4/12, , 11, 8, 
2015/4/13, , 7, 13, 
2015/4/14, , 13, 12, 
2015/4/15, , 11, 9, 
2015/4/16, , 7, 10, 
2015/4/17, , 5, 11, 
2015/4/18, , 12, 11, 
2015/4/19, , 5, 12, 
2015/4/20, , 15, 11, 
2015/4/21, , 14, 12, 
2015/4/22, , 10, 13, 
2015/4/23, , 10, 15, 
2015/4/24, , 17, 13, 
2015/4/25, , 16, 11, 
2015/4/26, , 7, 9, 
2015/4/27, , 10, 11, 
2015/4/28, , 9, 13, 
2015/4/29, , 10, 12, 
2015/4/30, , 11, 10, 
2015/5/1, , 9, 8, 
2015/5/2, , 6, 9, 
2015/5/3, , 7, 14, 
2015/5/4, , 8, 12, 
2015/5/5, , 11, 13, 
2015/5/6, , 28, 12, 
2015/5/7, , 9, 11, 
2015/5/8, , 9, 11, 
2015/5/9, , 7, 9, 
2015/5/10, , 8, 15, 
2015/5/11, , 25, 13, 
2015/5/12, , 18, 11, 
2015/5/13, , 8, 8, 
2015/5/14, , 5, 10, 
2015/5/15, , 8, 11, 
2015/5/16, , 12, 10, 
2015/5/18, , 10, 12, 
2015/5/19, , 12, 9, 
2015/5/20, , 9, 10, 
2015/5/21, , 8, 10, 
2015/5/22, , 13, 7, 
2015/5/23, , 9, 9, 
2015/5/24, , 10, 6, 
2015/5/25, , 5, 6, 
2015/5/26, , 5, 9, 
2015/5/27, , 5, 11, 
2015/5/28, , 8, 8, 
2015/5/29, , 9, , 
2015/6/2, , 21, 12, 
2015/6/3, , 12, 11, 
2015/6/4, , 8, 9, 
2015/6/5, , 7, 11, 
2015/6/6, , 12, 11, 
2015/6/7, , 14, 8, 
2015/6/8, , 6, 10, 
2015/6/9, , 7, 9, 
2015/6/10, , 7, 8, 
2015/6/11, , 6, 12, 
2015/6/12, , 9, 8, 
2015/6/13, , 6, 8, 
2015/6/14, , 5, 8, 
2015/6/15, , 4, 10, 
2015/6/16, , 5, 12, 
2015/6/17, , 6, 8, 
2015/6/18, , 3, 7, 
2015/6/19, , 3, 7, 
2015/6/20, , 5, 8, 
2015/6/21, , 6, 11, 
2015/6/22, , 6, 10, 
2015/6/23, , 8, 9, 
2015/6/24, , 7, 9, 
2015/6/25, , 5, 8, 
2015/6/26, , 4, 8, 
2015/6/27, , 5, 8, 
2015/6/28, , 7, 9, 
2015/6/29, , 8, 7, 
2015/6/30, , 6, 8, 
2015/1/1, , 24, 4, 
2015/1/2, , 7, 2, 
2015/1/3, , 8, 8, 
2015/1/4, , 19, 11, 
2015/1/5, , 10, 9, 
2015/1/6, , 17, 9, 
2015/1/7, , 16, 10, 
2015/1/8, , 20, 9, 
2015/1/9, , 8, 5, 
2015/1/10, , 15, 3, 
2015/1/11, , 11, 7, 
2015/1/12, , 17, 10, 
2015/1/13, , 25, 12, 
2015/1/14, , 16, 8, 
2015/1/15, , 35, 6, 
2015/1/16, , 31, 12, 
2015/1/17, , 16, 8, 
2015/1/18, , 11, 10, 
2015/1/19, , 6, 9, 
2015/1/20, , 6, 10, 
2015/1/21, , 4, 9, 
2015/1/22, , 5, 9, 
2015/1/23, , 16, 12, 
2015/1/24, , 13, 13, 
2015/1/25, , 16, 17, 
2015/1/26, , 13, 16, 
2015/1/27, , 19, 9, 
2015/1/28, , 12, 10, 
2015/1/29, , 7, 10, 
2015/1/30, , 8, 11, 
2015/2/1, , 28, 11, 
2015/2/2, , 20, 13, 
2015/2/3, , 30, 13, 
2015/2/4, , 28, 12, 
2015/2/5, , 23, 21, 
2015/2/6, , 35, 8, 
2015/2/7, , 12, 5, 
2015/2/8, , 15, 16, 
2015/2/9, , 29, 11, 
2015/2/10, , 14, 12, 
2015/2/11, , 16, 10, 
2015/2/12, , 16, 9, 
2015/2/13, , 22, 8, 
2015/2/14, , 17, 5, 
2015/2/15, , 8, 6, 
2015/2/16, , 23, 10, 
2015/2/17, , 30, 9, 
2015/2/18, , 15, 10, 
2015/2/19, , 18, 13, 
2015/2/20, , 14, 10, 
2015/2/21, , 9, 7, 
2015/2/22, , 12, 10, 
2015/2/23, , 21, 12, 
2015/2/24, , 22, 12, 
2015/2/25, , 9, 8, 
2015/2/26, , 16, 14, 
2015/2/27, , 19, 14, 
2015/2/28, , 19, 9, 
2015/3/1, , 21, 15, 
2015/3/2, , 20, 15, 
2015/3/3, , 12, 10, 
2015/3/4, , 15, 15, 
2015/3/5, , 18, 11, 
2015/3/6, , 14, 12, 
2015/3/7, , 26, 9, 
2015/3/8, , 24, 11, 
2015/3/9, , 22, 11, 
2015/3/10, , 23, 11, 
2015/3/11, , 24, 11, 
2015/3/12, , 24, 11, 
2015/3/13, , 16, 8, 
2015/3/14, , 12, 8, 
2015/3/15, , 16, 11, 
2015/3/16, , 22, 13, 
2015/3/17, , 30, 14, 
2015/3/18, , 16, 11, 
2015/3/19, , 23, 12, 
2015/3/20, , 15, 9, 
2015/3/21, , 9, 8, 
2015/3/22, , 12, 10, 
2015/3/23, , 15, 11, 
2015/3/24, , 14, 12, 
2015/3/25, , 8, 12, 
2015/3/26, , 5, 12, 
2015/3/27, , 6, 8, 
2015/3/28, , 11, 9, 
2015/3/29, , 12, 8, 
2015/3/30, , 7, 12, 
2015/3/31, , 11, 8, 
2014/10/1, , 12, , 
2014/10/2, , 8, , 
2014/10/3, , 15, , 
2014/10/4, , 21, , 
2014/10/5, , 29, , 
2014/10/6, , 25, , 
2014/10/7, , 20, , 
2014/10/8, , 19, , 
2014/10/9, , 28, , 
2014/10/10, , 19, , 
2014/10/11, , 9, , 
2014/10/12, , 6, , 
2014/10/13, , 9, , 
2014/10/14, , 7, , 
2014/10/15, , 3, , 
2014/10/16, , 4, , 
2014/10/17, , 3, , 
2014/10/18, , 9, , 
2014/10/19, , 29, , 
2014/10/20, , 10, , 
2014/10/21, , 14, , 
2014/10/22, , 10, , 
2014/10/23, , 13, , 
2014/10/24, , 14, , 
2014/10/25, , 12, , 
2014/10/26, , 26, , 
2014/10/27, , 20, , 
2014/10/28, , 31, , 
2014/10/29, , 9, , 
2014/10/30, , 10, 8, 
2014/10/31, , 5, 6, 
2014/11/1, , 13, 7, 
2014/11/2, , 19, 8, 
2014/11/3, , 12, 8, 
2014/11/4, , 10, 7, 
2014/11/5, , 6, 8, 
2014/11/6, , 6, 7, 
2014/11/7, , 7, 6, 
2014/11/8, , 18, 5, 
2014/11/9, , 21, 6, 
2014/11/10, , 21, 9, 
2014/11/11, , 11, 6, 
2014/11/12, , 17, 6, 
2014/11/13, , 5, 4, 
2014/11/14, , 7, 4, 
2014/11/15, , 7, 4, 
2014/11/16, , 5, 8, 
2014/11/17, , 6, 7, 
2014/11/18, , 3, 9, 
2014/11/19, , 6, 8, 
2014/11/20, , 14, 9, 
2014/11/21, , 11, 6, 
2014/11/22, , 6, 4, 
2014/11/23, , 14, 11, 
2014/11/24, , 11, 16, 
2014/11/25, , 39, 10, 
2014/11/26, , 11, 8, 
2014/11/27, , 6, 9, 
2014/11/28, , 12, , 
2014/12/2, , 29, 18, 
2014/12/3, , 48, 10, 
2014/12/4, , 13, 8, 
2014/12/5, , 8, 11, 
2014/12/6, , 16, 7, 
2014/12/7, , 12, 12, 
2014/12/8, , 8, 13, 
2014/12/9, , 18, 12, 
2014/12/10, , 18, 14, 
2014/12/11, , 15, 13, 
2014/12/12, , 12, 10, 
2014/12/13, , 13, 7, 
2014/12/14, , 17, 11, 
2014/12/15, , 11, 13, 
2014/12/16, , 12, 10, 
2014/12/17, , 9, 13, 
2014/12/18, , 19, , 
2014/12/19, , 9, , 
2014/12/20, , 6, , 
2014/12/21, , 10, 12, 
2014/12/22, , 9, 8, 
2014/12/23, , 9, 6, 
2014/12/24, , 8, 3, 
2014/12/25, , 8, 9, 
2014/12/26, , 22, 7, 
2014/12/27, , 7, 4, 
2014/12/28, , 9, , 
2014/7/1, , 9, 12, 
2014/7/2, , 7, 10, 
2014/7/3, , 14, 8, 
2014/7/4, , 21, 11, 
2014/7/5, , 16, 9, 
2014/7/6, , 11, 8, 
2014/7/7, , 10, 8, 
2014/7/8, , 12, 7, 
2014/7/9, , 17, 7, 
2014/7/10, , 18, 6, 
2014/7/11, , 16, 4, 
2014/7/12, , 11, 4, 
2014/7/13, , 9, 5, 
2014/7/14, , 10, 6, 
2014/7/15, , 11, 4, 
2014/7/16, , 9, 7, 
2014/7/17, , 11, 5, 
2014/7/18, , 7, 4, 
2014/7/19, , 8, 4, 
2014/7/20, , 6, 4, 
2014/7/21, , 10, 7, 
2014/7/22, , 12, 8, 
2014/7/23, , 14, 7, 
2014/7/24, , 12, 8, 
2014/7/25, , 14, 3, 
2014/7/26, , 12, 3, 
2014/7/27, , 16, 7, 
2014/7/28, , 15, 5, 
2014/7/29, , 11, 5, 
2014/7/30, , 8, 6, 
2014/7/31, , 8, 5, 
2014/8/1, , 9, 3, 
2014/8/2, , 18, 4, 
2014/8/3, , 21, 6, 
2014/8/4, , 13, 5, 
2014/8/5, , 11, 7, 
2014/8/6, , 12, 8, 
2014/8/7, , 18, 7, 
2014/8/8, , 8, 4, 
2014/8/9, , 14, 4, 
2014/8/10, , 19, 6, 
2014/8/11, , 28, 9, 
2014/8/12, , 33, 8, 
2014/8/13, , 13, 8, 
2014/8/14, , 6, 6, 
2014/8/15, , 16, 3, 
2014/8/16, , 6, 5, 
2014/8/17, , 11, 5, 
2014/8/18, , 7, 5, 
2014/8/19, , 7, 4, 
2014/8/20, , 7, 5, 
2014/8/21, , 7, 7, 
2014/8/22, , 6, 5, 
2014/8/23, , 6, 3, 
2014/8/24, , 4, 5, 
2014/8/25, , 5, 6, 
2014/8/26, , 6, 6, 
2014/8/27, , 9, 6, 
2014/8/28, , 11, 10, 
2014/8/29, , 12, 6, 
2014/8/30, , 12, 6, 
2014/8/31, , 7, 7, 
2014/9/1, , 10, 7, 
2014/9/2, , 16, 7, 
2014/9/3, , 12, 5, 
2014/9/4, , 12, 6, 
2014/9/5, , 14, 6, 
2014/9/6, , 11, 5, 
2014/9/7, , 14, 6, 
2014/9/8, , 9, 8, 
2014/9/9, , 11, 6, 
2014/9/10, , 18, 7, 
2014/9/11, , 23, 6, 
2014/9/12, , 21, , 
2014/9/15, , 17, 26, 
2014/9/16, , 13, 26, 
2014/9/17, , 15, 31, 
2014/9/18, , 15, 23, 
2014/9/19, , 16, , 
2014/9/22, , 12, , 
2014/9/23, , 15, , 
2014/9/24, , 16, , 
2014/9/25, , 8, , 
2014/9/26, , 16, , 
2014/9/27, , 16, , 
2014/9/28, , 19, , 
2014/9/29, , 11, , 
2014/9/30, , 10, , 
2014/4/1, , 13, 10, 
2014/4/2, , 13, 13, 
2014/4/3, , 15, 10, 
2014/4/4, , 14, 8, 
2014/4/5, , 7, 8, 
2014/4/6, , 7, 14, 
2014/4/7, , 14, 13, 
2014/4/8, , 3, 6, 
2014/4/9, , 6, 11, 
2014/4/10, , 9, 13, 
2014/4/11, , 14, 7, 
2014/4/12, , 12, 3, 
2014/4/13, , 15, 3, 
2014/4/14, , 5, 6, 
2014/4/15, , 9, 9, 
2014/4/16, , 14, 7, 
2014/4/17, , 20, 3, 
2014/4/18, , 6, 6, 
2014/4/19, , 9, 5, 
2014/4/20, , 11, 5, 
2014/4/21, , 19, 6, 
2014/4/22, , 18, 6, 
2014/4/23, , 17, 7, 
2014/4/24, , 15, 7, 
2014/4/25, , 15, 5, 
2014/4/26, , 14, 6, 
2014/4/27, , 14, 12, 
2014/4/28, , 22, 7, 
2014/4/29, , 18, 7, 
2014/4/30, , 12, 3, 
2014/5/1, , 5, 7, 
2014/5/2, , 6, 4, 
2014/5/3, , 8, 2, 
2014/5/4, , 6, 7, 
2014/5/5, , 10, 11, 
2014/5/6, , 10, 11, 
2014/5/7, , 14, 12, 
2014/5/8, , 2, 7, 
2014/5/9, , 2, 6, 
2014/5/12, , 5, 8, 
2014/5/13, , 6, 8, 
2014/5/14, , 7, 8, 
2014/5/15, , 12, 8, 
2014/5/16, , 12, 9, 
2014/5/17, , 15, 12, 
2014/5/18, , 14, 9, 
2014/5/19, , 10, 12, 
2014/5/20, , 14, 12, 
2014/5/21, , 15, 13, 
2014/5/22, , 20, 12, 
2014/5/23, , 12, 6, 
2014/5/24, , 8, 6, 
2014/5/25, , 8, 10, 
2014/5/26, , 11, 8, 
2014/5/27, , 13, 6, 
2014/5/28, , 16, 8, 
2014/5/29, , 10, 8, 
2014/5/30, , 11, 5, 
2014/5/31, , 10, 8, 
2014/6/1, , 15, 8, 
2014/6/2, , 17, 7, 
2014/6/3, , 11, 9, 
2014/6/4, , 8, 8, 
2014/6/5, , 8, 9, 
2014/6/6, , 8, 7, 
2014/6/7, , 9, 6, 
2014/6/8, , 9, 5, 
2014/6/9, , 8, 9, 
2014/6/10, , 9, 9, 
2014/6/11, , 10, 5, 
2014/6/12, , 7, 5, 
2014/6/13, , 7, 5, 
2014/6/14, , 7, 5, 
2014/6/15, , 12, 7, 
2014/6/16, , 12, 7, 
2014/6/17, , 12, 9, 
2014/6/18, , 8, 5, 
2014/6/19, , 9, 5, 
2014/6/20, , 8, 3, 
2014/6/21, , 5, 2, 
2014/6/22, , 6, 4, 
2014/6/23, , 7, 5, 
2014/6/24, , 5, , 
2014/1/8, , 31, , 
2014/1/9, , 15, , 
2014/1/10, , 15, , 
2014/1/11, , 11, , 
2014/1/12, , 14, , 
2014/1/13, , 21, , 
2014/1/14, , 5, , 
2014/1/15, , 7, , 
2014/1/16, , 13, , 
2014/1/17, , 7, , 
2014/1/18, , 9, , 
2014/1/19, , 9, , 
2014/1/20, , 10, , 
2014/1/21, , 8, , 
2014/1/22, , 8, , 
2014/1/23, , 13, , 
2014/1/24, , 11, , 
2014/1/25, , 17, , 
2014/1/26, , 16, , 
2014/1/27, , 21, , 
2014/1/28, , 24, , 
2014/1/29, , 12, , 
2014/1/30, , 11, , 
2014/1/31, , 26, , 
2014/2/1, , 25, , 
2014/2/2, , 41, , 
2014/2/3, , 25, , 
2014/2/4, , 30, , 
2014/2/5, , 23, , 
2014/2/6, , 29, , 
2014/2/7, , 16, , 
2014/2/8, , 17, , 
2014/2/9, , 25, , 
2014/2/10, , 36, , 
2014/2/11, , 17, , 
2014/2/12, , 18, , 
2014/2/13, , 30, , 
2014/2/14, , 33, , 
2014/2/15, , 28, , 
2014/2/16, , 14, , 
2014/2/17, , 19, , 
2014/2/18, , 8, , 
2014/2/19, , 4, , 
2014/2/20, , 3, , 
2014/2/21, , 17, , 
2014/2/22, , 24, , 
2014/2/23, , 36, , 
2014/2/24, , 41, , 
2014/2/25, , 32, , 
2014/2/26, , 33, , 
2014/2/27, , 26, , 
2014/3/3, , 20, 15, 
2014/3/4, , 30, 14, 
2014/3/5, , 42, 18, 
2014/3/6, , 24, 19, 
2014/3/7, , 19, 10, 
2014/3/8, , 24, 16, 
2014/3/9, , 47, 15, 
2014/3/10, , 26, 17, 
2014/3/11, , 28, 18, 
2014/3/12, , 34, 18, 
2014/3/13, , 38, 18, 
2014/3/14, , 30, 6, 
2014/3/15, , 8, 9, 
2014/3/16, , 8, 8, 
2014/3/17, , 16, 12, 
2014/3/18, , 13, 11, 
2014/3/19, , 22, 12, 
2014/3/20, , 40, 11, 
2014/3/21, , 23, 9, 
2014/3/22, , 34, 10, 
2014/3/23, , 16, 12, 
2014/3/24, , 15, 9, 
2014/3/25, , 13, 7, 
2014/3/26, , 12, 9, 
2014/3/27, , 9, 10, 
2014/3/28, , 14, 8, 
2014/3/29, , 12, 7, 
2014/3/30, , 13, 14, 
2014/3/31, , 22, 20, 
2024/10/8, , , 10, 
2024/10/9, , , 2, 
2024/10/10, , , 3, 
2024/10/11, , , 3, 
2023/4/25, , , 4, 
2023/4/26, , , 4, 
2023/4/29, , , 4, 
2023/4/30, , , 5, 
2022/10/19, , , 4, 
2022/10/20, , , 2, 
2022/10/21, , , 2, 
2022/10/22, , , 4, 
2022/10/23, , , 2, 
2022/10/24, , , 8, 
2021/9/18, , , 1, 
2021/9/19, , , 2, 
2021/9/20, , , 5, 
2021/9/21, , , 5, 
2021/9/22, , , 2, 
2021/9/23, , , 2, 
2021/9/24, , , 1, 
2021/9/25, , , 2, 
2020/7/4, , , 2, 
2020/7/5, , , 2, 
2020/7/6, , , 1, 
2020/7/7, , , 1, 
2020/7/8, , , , 
2020/7/9, , , 3, 
2020/7/10, , , 2, 
2020/7/11, , , , 
2020/7/12, , , , 
2020/7/13, , , 3, 
2020/7/14, , , 4, 
2020/7/15, , , 2, 
2020/7/16, , , 3, 
2020/7/17, , , 3, 
2020/7/18, , , 5, 
2020/7/19, , , 2, 
2020/7/20, , , , 
2020/7/21, , , , 
2020/7/22, , , , 
2020/7/23, , , 2, 
2020/7/24, , , 2, 
2020/7/25, , , 2, 
2020/7/26, , , 2, 
2020/7/27, , , 3, 
2020/7/28, , , 2, 
2020/7/29, , , 1, 
2020/7/30, , , , 
2020/7/31, , , 3, 
2020/8/1, , , 2, 
2020/8/2, , , 1, 
2020/8/3, , , 1, 
2020/8/4, , , 1, 
2020/8/5, , , 4, 
2020/8/6, , , 5, 
2020/8/7, , , 4, 
2020/8/8, , , 4, 
2020/8/9, , , 2, 
2020/8/10, , , 2, 
2020/8/11, , , 2, 
2020/8/12, , , 2, 
2020/8/13, , , 6, 
2020/8/14, , , 7, 
2020/8/15, , , 2, 
2020/8/16, , , 3, 
2020/8/17, , , 5, 
2020/8/18, , , 5, 
2020/8/19, , , 5, 
2020/8/20, , , 4, 
2020/8/21, , , 4, 
2020/8/22, , , 2, 
2020/8/23, , , 1, 
2020/8/24, , , 2, 
2020/8/25, , , 4, 
2020/8/26, , , 3, 
2020/8/27, , , 2, 
2020/8/28, , , 3, 
2020/8/29, , , 1, 
2020/8/30, , , 2, 
2020/8/31, , , 3, 
2020/9/1, , , 2, 
2020/9/2, , , 2, 
2020/9/3, , , 2, 
2020/9/4, , , 4, 
2020/9/5, , , 1, 
2020/9/6, , , , 
2020/9/7, , , 2, 
2020/9/8, , , 2, 
2020/9/9, , , 2, 
2020/9/10, , , 1, 
2020/9/11, , , 4, 
2020/9/12, , , , 
2020/9/13, , , 1, 
2020/9/14, , , 5, 
2020/9/15, , , 7, 
2020/9/16, , , 3, 
2020/9/17, , , 5, 
2020/9/18, , , 3, 
2020/9/19, , , 3, 
2020/9/20, , , 6, 
2020/9/21, , , 5, 
2020/9/23, , , 28, 
2020/3/31, , , 1, 
2019/12/31, , , 1, 
2018/12/31, , , , 
2018/9/22, , , 1, 
2018/9/23, , , 2, 
2018/9/24, , , 5, 
2018/9/25, , , 2, 
2018/5/24, , , 7, 
2018/6/9, , , 3, 
2018/6/10, , , 4, 
2018/6/11, , , 6, 
2018/6/12, , , 7, 
2018/6/13, , , 5, 
2018/6/14, , , 4, 
2018/6/15, , , 3, 
2018/6/16, , , 3, 
2018/6/17, , , 5, 
2018/6/18, , , 2, 
2017/12/31, , , 6, 
2017/9/10, , , 7, 
2017/5/25, , , 5, 
2017/5/26, , , 6, 
2017/5/27, , , 5, 
2017/5/28, , , 5, 
2016/10/15, , , 2, 
2016/10/16, , , 4, 
2016/10/18, , , 4, 
2016/10/19, , , 4, 
2016/10/20, , , 3, 
2016/10/21, , , 2, 
2016/10/22, , , 2, 
2016/10/23, , , 5, 
2016/10/25, , , 8, 
2016/10/30, , , 10, 
2016/5/25, , , 5, 
2016/5/26, , , 6, 
2016/5/27, , , 2, 
2016/5/28, , , 1, 
2016/5/29, , , 3, 
2016/1/3, , , 4, 
2015/11/10, , , 13, 
2015/11/11, , , 11, 
2015/11/12, , , 11, 
2015/11/13, , , 3, 
2015/11/14, , , 8, 
2015/11/15, , , 7, 
2015/11/16, , , 13, 
2015/11/17, , , 18, 
2015/11/18, , , 10, 
2015/11/19, , , 6, 
2015/11/20, , , 2, 
2015/11/22, , , 23, 
2015/5/17, , , 8, 
2015/6/1, , , 11, 
2014/12/31, , , 4, 
2015/1/31, , , 6, 
2014/12/1, , , 11, 
2014/6/30, , , 15, 
2014/9/14, , , 21, 
2014/5/10, , , 5, 
2014/5/11, , , 7, 
2014/3/2, , , 12, 
2014/6/29, , , , 
2014/1/5, , , , 
2014/1/6, , , , 
2014/3/1, , , , 