date, pm25, pm10, no2
2024/10/8, 29, 2, 5
2024/10/9, 8, 5, 2
2024/10/10, 12, 6, 2
2024/10/11, 20, 2, 8
2024/10/12, 9, , 2
2024/7/1, 13, 5, 1
2024/7/2, 17, 7, 6
2024/7/3, 17, 3, 5
2024/7/4, 9, 5, 5
2024/7/5, 15, 3, 2
2024/7/6, 11, 4, 1
2024/7/7, 15, 3, 1
2024/7/8, 11, 4, 2
2024/7/9, 14, 3, 4
2024/7/10, 11, 3, 2
2024/7/11, 13, 3, 3
2024/7/12, 12, 6, 4
2024/7/13, 20, 5, 4
2024/7/14, 20, 5, 5
2024/7/15, 18, 2, 3
2024/7/16, 8, 4, 2
2024/7/17, 14, 3, 4
2024/7/18, 13, 6, 3
2024/7/19, 22, 6, 4
2024/7/20, 23, 5, 1
2024/7/21, 18, 3, 1
2024/7/22, 12, 5, 1
2024/7/23, 15, 5, 1
2024/7/24, 17, 4, 4
2024/7/25, 15, 6, 3
2024/7/26, 20, 4, 4
2024/7/27, 15, 4, 3
2024/7/28, 14, 5, 7
2024/7/29, 16, 10, 4
2024/7/30, 34, 6, 2
2024/7/31, 16, 5, 3
2024/8/1, 17, 8, 8
2024/8/2, 25, 8, 4
2024/8/3, 34, 6, 2
2024/8/4, 21, 6, 5
2024/8/5, 21, 10, 2
2024/8/6, 34, 7, 5
2024/8/7, 24, 8, 4
2024/8/8, 23, 4, 4
2024/8/9, 14, 7, 3
2024/8/10, 23, 4, 2
2024/8/11, 13, 5, 8
2024/8/12, 16, 6, 4
2024/8/13, 15, 9, 6
2024/8/14, 27, 6, 3
2024/8/15, 20, 14, 7
2024/8/16, 21, 9, 3
2024/8/17, 27, 8, 4
2024/8/18, 26, 10, 5
2024/8/19, 22, 12, 3
2024/8/20, 45, 12, 8
2024/8/21, 20, 5, 5
2024/8/22, 19, 5, 6
2024/8/23, 15, 5, 3
2024/8/24, 19, 7, 4
2024/8/25, 20, 7, 7
2024/8/26, 20, 9, 4
2024/8/27, 33, 12, 6
2024/8/28, 40, 13, 8
2024/8/29, 41, 8, 6
2024/8/30, 27, 3, 4
2024/8/31, 10, 4, 11
2024/9/1, 15, 6, 11
2024/9/2, 17, 6, 5
2024/9/3, 22, 7, 9
2024/9/4, 26, 16, 19
2024/9/5, 47, 27, 11
2024/9/6, 62, 18, 14
2024/9/7, 55, 25, 8
2024/9/8, 62, 11, 2
2024/9/9, 39, 4, 1
2024/9/10, 15, 5, 2
2024/9/11, 16, 3, 4
2024/9/12, 11, 4, 9
2024/9/13, 11, 4, 5
2024/9/14, 13, 4, 2
2024/9/15, 15, 5, 6
2024/9/16, 16, 5, 11
2024/9/17, 16, 7, 10
2024/9/18, 19, 9, 12
2024/9/19, 26, 9, 12
2024/9/20, 25, 10, 10
2024/9/21, 35, 18, 9
2024/9/22, 58, 27, 11
2024/9/23, 71, 15, 8
2024/9/24, 53, , 7
2024/4/1, 15, 6, 9
2024/4/2, 9, 8, 6
2024/4/3, 15, 3, 4
2024/4/4, 9, 3, 8
2024/4/5, 12, 4, 6
2024/4/6, 15, 11, 2
2024/4/7, 40, 11, 5
2024/4/8, 35, 6, 6
2024/4/9, 18, 8, 4
2024/4/10, 25, 11, 7
2024/4/11, 35, 9, 8
2024/4/12, 32, 8, 4
2024/4/13, 28, 9, 3
2024/4/14, 26, 5, 5
2024/4/15, 14, 5, 8
2024/4/16, 13, 5, 5
2024/4/17, 14, 6, 8
2024/4/18, 19, 4, 6
2024/4/19, 9, 3, 4
2024/4/20, 11, 3, 6
2024/4/21, 8, 6, 10
2024/4/22, 16, 4, 5
2024/4/23, 11, 6, 6
2024/4/24, 13, 8, 9
2024/4/25, 22, 9, 10
2024/4/26, 31, 8, 14
2024/4/27, 27, 4, 8
2024/4/28, 15, 7, 3
2024/4/29, 26, 7, 4
2024/4/30, 21, 8, 6
2024/5/1, 22, 9, 6
2024/5/2, 22, 9, 10
2024/5/3, 19, 17, 10
2024/5/4, 42, 16, 9
2024/5/5, 56, 14, 11
2024/5/6, 49, 11, 7
2024/5/7, 36, 7, 4
2024/5/8, 23, 7, 4
2024/5/9, 28, 8, 7
2024/5/10, 27, 12, 7
2024/5/11, 39, 17, 9
2024/5/12, 53, 7, 6
2024/5/13, 15, 9, 4
2024/5/14, 15, 10, 5
2024/5/15, 17, 13, 8
2024/5/16, 21, 21, 6
2024/5/17, 37, 21, 12
2024/5/18, 44, 16, 3
2024/5/19, 45, 7, 4
2024/5/20, 20, 16, 11
2024/5/21, 33, 13, 8
2024/5/22, 24, 18, 6
2024/5/23, 41, 9, 6
2024/5/24, 28, 11, 5
2024/5/25, 42, 14, 5
2024/5/26, 51, 11, 9
2024/5/27, 41, 9, 6
2024/5/28, 26, 7, 6
2024/5/29, 16, 3, 7
2024/5/30, 10, 9, 5
2024/5/31, 32, 8, 1
2024/6/1, 29, 10, 2
2024/6/2, 38, 11, 4
2024/6/3, 25, 6, 2
2024/6/4, 23, 5, 6
2024/6/5, 18, 7, 5
2024/6/6, 21, 5, 4
2024/6/7, 17, 5, 3
2024/6/8, 18, 4, 3
2024/6/9, 15, 8, 1
2024/6/10, 27, 7, 3
2024/6/11, 23, 7, 1
2024/6/12, 18, 4, 4
2024/6/13, 10, 6, 5
2024/6/14, 19, 3, 5
2024/6/15, 10, 4, 2
2024/6/16, 14, 4, 5
2024/6/17, 14, 5, 6
2024/6/18, 16, 5, 2
2024/6/19, 16, 7, 4
2024/6/20, 23, 9, 5
2024/6/21, 28, 8, 6
2024/6/22, 33, 9, 3
2024/6/23, 34, 8, 5
2024/6/24, 24, 7, 5
2024/6/25, 24, 10, 7
2024/6/26, 39, 17, 5
2024/6/27, 38, 9, 2
2024/6/28, 27, 6, 3
2024/6/29, 19, 5, 3
2024/6/30, 16, 4, 3
2024/1/1, 8, 4, 2
2024/1/2, 10, 6, 4
2024/1/3, 12, 8, 5
2024/1/4, 16, 37, 18
2024/1/5, 60, 70, 32
2024/1/6, 120, 43, 26
2024/1/7, 109, 25, 27
2024/1/8, 77, 29, 26
2024/1/9, 76, 34, 30
2024/1/10, 91, 17, 21
2024/1/11, 53, 17, 17
2024/1/12, 50, 6, 3
2024/1/13, 23, 6, 6
2024/1/14, 20, 9, 16
2024/1/15, 30, 9, 11
2024/1/16, 32, 24, 21
2024/1/17, 65, 11, 16
2024/1/18, 40, 10, 10
2024/1/19, 33, 6, 9
2024/1/20, 24, 8, 2
2024/1/21, 30, 13, 3
2024/1/22, 46, 12, 5
2024/1/23, 38, 13, 3
2024/1/24, 45, 13, 14
2024/1/25, 42, 7, 3
2024/1/26, 22, 16, 5
2024/1/27, 52, 12, 2
2024/1/28, 43, 22, 12
2024/1/29, 60, 8, 11
2024/1/30, 26, 11, 7
2024/1/31, 40, 12, 5
2024/2/1, 38, 7, 6
2024/2/2, 26, 12, 3
2024/2/3, 42, 8, 3
2024/2/4, 27, 12, 14
2024/2/5, 30, 6, 8
2024/2/6, 22, 9, 14
2024/2/7, 32, 9, 17
2024/2/8, 28, 4, 12
2024/2/9, 16, 5, 5
2024/2/10, 19, 6, 7
2024/2/11, 23, 3, 5
2024/2/12, 11, 4, 4
2024/2/13, 16, 8, 6
2024/2/14, 29, 2, 9
2024/2/15, 6, 3, 7
2024/2/16, 11, 7, 12
2024/2/17, 28, 4, 7
2024/2/18, 16, 10, 6
2024/2/19, 33, 11, 8
2024/2/20, 40, 5, 7
2024/2/21, 20, 6, 8
2024/2/22, 17, 4, 6
2024/2/23, 15, 7, 5
2024/2/24, 23, 6, 8
2024/2/25, 23, 10, 16
2024/2/26, 34, 3, 4
2024/2/27, 12, 12, 6
2024/2/28, 41, 8, 4
2024/2/29, 28, 3, 7
2024/3/1, 14, 5, 5
2024/3/2, 15, 8, 9
2024/3/3, 24, 13, 8
2024/3/4, 32, 24, 12
2024/3/5, 42, 18, 14
2024/3/6, 40, 14, 11
2024/3/7, 43, 22, 17
2024/3/8, 58, 20, 16
2024/3/9, 49, 9, 9
2024/3/10, 18, 24, 15
2024/3/11, 38, 25, 17
2024/3/12, 57, 7, 3
2024/3/13, 25, 11, 7
2024/3/14, 37, 5, 9
2024/3/15, 21, 9, 4
2024/3/16, 28, 3, 3
2024/3/17, 8, 6, 5
2024/3/18, 9, 4, 4
2024/3/19, 14, 13, 11
2024/3/20, 38, 12, 11
2024/3/21, 37, 16, 6
2024/3/22, 48, 11, 3
2024/3/23, 40, 4, 7
2024/3/24, 13, 12, 11
2024/3/25, 32, 6, 5
2024/3/26, 18, 10, 4
2024/3/27, 37, 14, 11
2024/3/28, 52, 5, 1
2024/3/29, 19, 7, 3
2024/3/30, 26, 3, 6
2024/3/31, 13, 5, 6
2023/10/1, 2, 1, 9
2023/10/2, 5, 1, 7
2023/10/3, 5, 6, 5
2023/10/4, 15, 5, 7
2023/10/5, 16, 6, 4
2023/10/6, 22, 4, 5
2023/10/7, 12, 5, 8
2023/10/8, 16, 8, 11
2023/10/9, 23, 8, 5
2023/10/10, 26, 10, 4
2023/10/11, 32, 12, 4
2023/10/12, 31, 8, 6
2023/10/13, 28, 7, 1
2023/10/14, 22, 4, 3
2023/10/15, 15, 5, 9
2023/10/16, 17, 5, 8
2023/10/17, 19, 7, 15
2023/10/18, 24, 2, 3
2023/10/19, 6, 2, 2
2023/10/20, 7, 2, 2
2023/10/21, 6, 1, 2
2023/10/22, 4, 3, 8
2023/10/23, 12, 4, 8
2023/10/24, 13, 2, 5
2023/10/25, 5, 2, 7
2023/10/26, 7, 5, 12
2023/10/27, 14, 3, 5
2023/10/28, 9, 2, 3
2023/10/29, 6, 9, 10
2023/10/30, 22, 12, 15
2023/10/31, 31, 1, 4
2023/11/1, 5, 2, 3
2023/11/2, 4, 2, 4
2023/11/3, 4, 3, 3
2023/11/4, 9, 2, 5
2023/11/5, 5, 10, 14
2023/11/6, 27, 13, 14
2023/11/7, 36, 7, 10
2023/11/8, 25, 5, 9
2023/11/9, 14, 8, 12
2023/11/10, 25, 13, 14
2023/11/11, 39, 17, 15
2023/11/12, 54, 6, 8
2023/11/13, 15, 17, 13
2023/11/14, 33, 15, 12
2023/11/15, 30, 3, 8
2023/11/16, 12, 16, 16
2023/11/17, 38, 6, 4
2023/11/18, 12, 3, 3
2023/11/19, 7, 22, 13
2023/11/20, 36, 14, 9
2023/11/21, 35, 9, 5
2023/11/22, 29, 9, 2
2023/11/23, 30, 5, 5
2023/11/24, 16, 11, 15
2023/11/25, 36, 14, 13
2023/11/26, 50, 9, 8
2023/11/27, 16, 27, 6
2023/11/28, 26, 15, 9
2023/11/29, 21, 32, 13
2023/11/30, 45, 28, 22
2023/12/1, 74, 17, 13
2023/12/2, 57, 6, 7
2023/12/3, 23, 11, 18
2023/12/4, 38, 25, 26
2023/12/5, 71, 9, 19
2023/12/6, 34, 4, 9
2023/12/7, 15, 5, 6
2023/12/8, 17, 2, 5
2023/12/9, 8, 10, 6
2023/12/10, 12, 19, 9
2023/12/11, 25, 19, 10
2023/12/12, 29, 37, 17
2023/12/13, 50, 7, 4
2023/12/14, 17, 17, 16
2023/12/15, 52, 13, 5
2023/12/16, 45, 9, 6
2023/12/17, 33, 4, 10
2023/12/18, 15, 9, 8
2023/12/19, 30, 8, 6
2023/12/20, 27, 7, 3
2023/12/21, 24, 9, 8
2023/12/22, 25, 13, 14
2023/12/23, 43, 5, 4
2023/12/24, 19, 13, 7
2023/12/25, 42, 8, 7
2023/12/26, 29, 9, 8
2023/12/27, 19, 4, 2
2023/12/28, 17, 7, 10
2023/12/29, 27, 11, 12
2023/12/30, 35, 2, 1
2023/12/31, 5, 3, 1
2023/7/1, 22, 5, 3
2023/7/2, 16, 3, 3
2023/7/3, 13, 5, 3
2023/7/4, 17, 2, 4
2023/7/5, 9, 3, 3
2023/7/6, 11, 5, 7
2023/7/7, 15, 6, 6
2023/7/8, 20, 5, 8
2023/7/9, 18, 6, 6
2023/7/10, 25, 6, 5
2023/7/11, 23, 4, 3
2023/7/12, 14, 3, 3
2023/7/13, 13, 3, 6
2023/7/14, 12, 4, 4
2023/7/15, 15, 4, 1
2023/7/16, 16, 2, 3
2023/7/17, 10, 2, 3
2023/7/18, 6, 2, 4
2023/7/19, 8, 1, 2
2023/7/20, 4, 2, 4
2023/7/21, 7, 2, 4
2023/7/22, 9, 3, 5
2023/7/23, 13, 3, 4
2023/7/24, 12, 3, 2
2023/7/25, 11, 2, 2
2023/7/26, 10, 3, 3
2023/7/27, 11, 2, 4
2023/7/28, 10, 4, 5
2023/7/29, 18, 2, 3
2023/7/30, 9, 3, 6
2023/7/31, 11, 3, 4
2023/8/1, 13, 3, 3
2023/8/2, 13, 6, 2
2023/8/3, 23, 2, 
2023/8/4, 10, 1, 
2023/8/5, 5, 2, 2
2023/8/6, 8, 2, 1
2023/8/7, 11, 2, 1
2023/8/8, 6, 2, 1
2023/8/9, 6, 1, 2
2023/8/10, 5, 2, 6
2023/8/11, 8, 4, 6
2023/8/12, 17, 3, 5
2023/8/13, 13, 3, 4
2023/8/14, 12, 2, 7
2023/8/15, 6, 3, 2
2023/8/16, 11, 3, 7
2023/8/17, 10, 6, 8
2023/8/18, 22, 4, 5
2023/8/19, 15, 3, 3
2023/8/20, 13, 3, 4
2023/8/21, 13, 2, 4
2023/8/22, 9, 2, 5
2023/8/23, 8, 2, 8
2023/8/24, 8, 1, 8
2023/8/25, 6, 2, 6
2023/8/26, 8, 3, 8
2023/8/27, 11, 2, 6
2023/8/28, 7, , 5
2023/9/29, 9, 1, 2
2023/9/30, 4, 1, 5
2023/4/1, 15, 11, 14
2023/4/2, 31, 8, 8
2023/4/3, 22, 11, 12
2023/4/4, 24, 12, 8
2023/4/5, 28, 7, 6
2023/4/6, 13, 10, 3
2023/4/7, 33, 12, 12
2023/4/8, 36, 9, 6
2023/4/9, 32, 14, 2
2023/4/10, 51, 5, 7
2023/4/11, 19, 4, 3
2023/4/12, 13, 3, 4
2023/4/13, 7, 5, 3
2023/4/14, 16, 7, 9
2023/4/15, 22, 9, 12
2023/4/16, 29, 17, 11
2023/4/17, 50, 12, 12
2023/4/18, 29, 9, 12
2023/4/19, 18, 11, 12
2023/4/20, 22, 12, 13
2023/4/21, 22, 14, 13
2023/4/22, 35, 20, 6
2023/4/23, 67, 9, 4
2023/4/24, 35, 6, 
2023/4/25, 16, 6, 2
2023/4/26, 16, 6, 4
2023/4/27, 18, 8, 8
2023/4/28, 24, 6, 
2023/4/29, 20, 8, 3
2023/4/30, 25, 5, 1
2023/5/1, 19, 7, 2
2023/5/2, 20, 6, 4
2023/5/3, 16, 5, 6
2023/5/4, 14, 5, 3
2023/5/5, 12, 5, 2
2023/5/6, 14, 7, 3
2023/5/7, 20, 12, 3
2023/5/8, 30, 9, 4
2023/5/9, 29, 12, 12
2023/5/10, 43, 12, 8
2023/5/11, 47, 10, 7
2023/5/12, 37, 10, 5
2023/5/13, 39, 13, 5
2023/5/14, 48, 7, 4
2023/5/15, 27, 9, 2
2023/5/16, 25, 6, 1
2023/5/17, 17, 10, 4
2023/5/18, 30, 12, 6
2023/5/19, 42, 8, 3
2023/5/20, 32, 8, 4
2023/5/21, 29, 11, 8
2023/5/22, 35, 9, 1
2023/5/23, 28, 14, 4
2023/5/24, 46, 17, 2
2023/5/25, 52, 13, 2
2023/5/26, 41, 11, 4
2023/5/27, 38, 9, 1
2023/5/28, 28, 10, 2
2023/5/29, 29, 5, 3
2023/5/30, 19, 4, 2
2023/5/31, 17, 7, 2
2023/6/1, 17, 6, 5
2023/6/2, 16, 6, 3
2023/6/3, 22, 6, 3
2023/6/4, 24, 8, 3
2023/6/5, 26, 7, 2
2023/6/6, 23, 8, 4
2023/6/7, 26, 7, 5
2023/6/8, 25, 12, 7
2023/6/9, 34, 10, 6
2023/6/10, 27, 9, 7
2023/6/11, 22, 14, 5
2023/6/12, 22, 11, 8
2023/6/13, 27, 15, 10
2023/6/14, 35, 16, 9
2023/6/15, 50, 16, 7
2023/6/16, 54, 15, 5
2023/6/17, 54, 14, 4
2023/6/18, 49, 14, 7
2023/6/19, 49, 20, 7
2023/6/20, 66, 14, 7
2023/6/21, 51, 8, 3
2023/6/22, 29, 8, 1
2023/6/23, 31, 8, 4
2023/6/24, 29, , 
2023/6/27, 23, 7, 6
2023/6/28, 26, 4, 3
2023/6/29, 17, 6, 5
2023/6/30, 21, 6, 5
2023/1/2, 17, 4, 7
2023/1/3, 17, 2, 3
2023/1/4, 6, 2, 6
2023/1/5, 9, 5, 3
2023/1/6, 18, 8, 2
2023/1/7, 29, 6, 1
2023/1/8, 25, 6, 6
2023/1/9, 23, 6, 6
2023/1/10, 23, 9, 5
2023/1/11, 32, 6, 8
2023/1/12, 21, 8, 11
2023/1/13, 25, 8, 13
2023/1/14, 28, 5, 5
2023/1/15, 19, 8, 15
2023/1/16, 31, 11, 14
2023/1/17, 36, 23, 21
2023/1/18, 72, 18, 19
2023/1/19, 60, 24, 23
2023/1/20, 68, 20, 14
2023/1/21, 66, 6, 2
2023/1/22, 27, 7, 3
2023/1/23, 29, 6, 6
2023/1/24, 24, 12, 8
2023/1/25, 40, 8, 10
2023/1/26, 28, 17, 18
2023/1/27, 61, 13, 7
2023/1/28, 41, 10, 4
2023/1/29, 37, 8, 2
2023/1/30, 27, 9, 7
2023/1/31, 30, 10, 6
2023/2/1, 33, 8, 13
2023/2/2, 27, 11, 6
2023/2/3, 35, 4, 3
2023/2/4, 15, 14, 10
2023/2/5, 41, 15, 9
2023/2/6, 46, 10, 8
2023/2/7, 36, 10, 4
2023/2/8, 40, 10, 5
2023/2/9, 33, 11, 9
2023/2/10, 37, 22, 5
2023/2/11, 63, 10, 10
2023/2/12, 37, 15, 16
2023/2/13, 47, 20, 5
2023/2/14, 62, 29, 8
2023/2/15, 74, 14, 10
2023/2/16, 46, 7, 3
2023/2/17, 24, 7, 4
2023/2/18, 24, 9, 8
2023/2/19, 32, 15, 2
2023/2/20, 47, 13, 8
2023/2/21, 36, 4, 5
2023/2/22, 17, 9, 5
2023/2/23, 22, 4, 4
2023/2/24, 14, 4, 5
2023/2/25, 9, 14, 13
2023/2/26, 29, 13, 18
2023/2/27, 33, 12, 14
2023/2/28, 37, 20, 20
2023/3/1, 45, 11, 14
2023/3/2, 28, 6, 6
2023/3/3, 21, 6, 2
2023/3/4, 15, 5, 3
2023/3/5, 14, 17, 9
2023/3/6, 20, 16, 9
2023/3/7, 28, 23, 12
2023/3/8, 38, 6, 11
2023/3/9, 22, 17, 11
2023/3/10, 32, 11, 7
2023/3/11, 31, 6, 7
2023/3/12, 21, 3, 6
2023/3/13, 11, 7, 3
2023/3/14, 19, 12, 13
2023/3/15, 29, 3, 3
2023/3/16, 9, 6, 5
2023/3/17, 24, 9, 8
2023/3/18, 28, 9, 7
2023/3/19, 36, 8, 8
2023/3/20, 21, 8, 10
2023/3/21, 22, 7, 3
2023/3/22, 25, 13, 5
2023/3/23, 41, 6, 9
2023/3/24, 24, 6, 5
2023/3/25, 21, 4, 1
2023/3/26, 11, 4, 3
2023/3/27, 11, 9, 8
2023/3/28, 28, 6, 8
2023/3/29, 17, 5, 9
2023/3/30, 18, 7, 10
2023/3/31, 24, 7, 8
2022/10/1, 25, 8, 7
2022/10/2, 29, 8, 8
2022/10/3, 29, 6, 3
2022/10/4, 22, 6, 7
2022/10/5, 22, 9, 5
2022/10/6, 30, 10, 6
2022/10/7, 36, 7, 9
2022/10/8, 24, 6, 3
2022/10/9, 21, 9, 5
2022/10/10, 31, 7, 9
2022/10/11, 24, 6, 4
2022/10/12, 22, 8, 7
2022/10/13, 26, 6, 5
2022/10/14, 24, 4, 7
2022/10/15, 16, 8, 3
2022/10/16, 31, 4, 6
2022/10/17, 14, 6, 5
2022/10/18, 21, 2, 3
2022/10/19, 9, 8, 14
2022/10/20, 25, 5, 12
2022/10/21, 18, 5, 11
2022/10/22, 20, 6, 7
2022/10/23, 25, 2, 6
2022/10/24, 6, 3, 11
2022/10/25, 12, , 6
2022/11/7, 43, 8, 4
2022/11/8, 29, 9, 7
2022/11/9, 32, 9, 4
2022/11/10, 33, 12, 4
2022/11/11, 43, 12, 12
2022/11/12, 36, 11, 8
2022/11/13, 39, 16, 19
2022/11/14, 50, 3, 6
2022/11/15, 9, 2, 1
2022/11/16, 4, 2, 4
2022/11/17, 5, 3, 6
2022/11/18, 7, 25, 16
2022/11/19, 56, 17, 9
2022/11/20, 37, 16, 13
2022/11/21, 47, 4, 3
2022/11/22, 10, 3, 2
2022/11/23, 7, 2, 4
2022/11/24, 9, 3, 4
2022/11/25, 11, 9, 2
2022/11/26, 31, 4, 1
2022/11/27, 14, 2, 4
2022/11/28, 4, 3, 4
2022/11/29, 8, 6, 7
2022/11/30, 15, 33, 20
2022/12/1, 74, 15, 17
2022/12/2, 38, 9, 8
2022/12/3, 22, 8, 9
2022/12/4, 26, 21, 45
2022/12/5, 65, 7, 9
2022/12/6, 27, 10, 16
2022/12/7, 32, 25, 24
2022/12/8, 72, 5, 8
2022/12/9, 13, 17, 16
2022/12/10, 53, 6, 4
2022/12/11, 18, 3, 5
2022/12/12, 14, 7, 4
2022/12/13, 27, 27, 27
2022/12/14, 73, 46, 37
2022/12/15, 111, 14, 13
2022/12/16, 48, 9, 7
2022/12/17, 31, 15, 12
2022/12/18, 45, 4, 6
2022/12/19, 15, 10, 8
2022/12/20, 35, 10, 7
2022/12/21, 36, 4, 6
2022/12/22, 14, 5, 10
2022/12/23, 17, 9, 13
2022/12/24, 36, 5, 1
2022/12/25, 20, 7, 4
2022/12/26, 27, 13, 6
2022/12/27, 37, 2, 3
2022/12/28, 8, 5, 5
2022/12/29, 17, 7, 4
2022/12/30, 24, 10, 5
2022/12/31, 37, 9, 10
2023/1/1, 34, 4, 12
2022/7/1, 25, 6, 2
2022/7/2, 22, 5, 3
2022/7/3, 17, 4, 5
2022/7/4, 14, 3, 3
2022/7/5, 11, 5, 5
2022/7/6, 16, 4, 1
2022/7/7, 11, 5, 3
2022/7/8, 16, 5, 
2022/7/9, 17, 2, 1
2022/7/10, 7, 3, 4
2022/7/11, 9, 8, 4
2022/7/12, 26, 10, 5
2022/7/13, 33, 5, 2
2022/7/14, 16, 3, 4
2022/7/15, 10, 3, 1
2022/7/16, 9, 4, 5
2022/7/17, 16, 10, 5
2022/7/18, 38, 9, 5
2022/7/19, 32, 15, 7
2022/7/20, 40, 7, 3
2022/7/21, 24, 5, 2
2022/7/22, 16, 7, 4
2022/7/23, 21, 8, 3
2022/7/24, 32, 7, 3
2022/7/25, 29, 3, 1
2022/7/26, 11, 2, 1
2022/7/27, 7, 3, 5
2022/7/28, 13, 5, 6
2022/7/29, 19, 6, 5
2022/7/30, 20, 5, 2
2022/7/31, 18, 5, 2
2022/8/1, 16, 4, 2
2022/8/2, 15, 8, 3
2022/8/3, 31, 5, 3
2022/8/4, 20, 2, 3
2022/8/5, 8, 5, 3
2022/8/6, 17, 5, 3
2022/8/7, 20, 3, 5
2022/8/8, 10, 7, 7
2022/8/9, 26, 7, 5
2022/8/10, 27, 10, 7
2022/8/11, 34, 10, 6
2022/8/12, 35, 10, 8
2022/8/13, 39, 11, 12
2022/8/14, 32, 14, 11
2022/8/15, 41, 15, 12
2022/8/16, 53, 6, 3
2022/8/17, 20, 5, 6
2022/8/18, 14, 3, 4
2022/8/19, 10, 6, 4
2022/8/20, 22, 5, 3
2022/8/21, 17, 5, 8
2022/8/22, 15, 6, 5
2022/8/23, 17, 8, 3
2022/8/24, 21, 7, 5
2022/8/25, 21, 4, 3
2022/8/26, 16, 4, 1
2022/8/27, 13, 3, 2
2022/8/28, 10, 6, 7
2022/8/29, 18, 7, 9
2022/8/30, 22, 7, 9
2022/8/31, 22, 8, 10
2022/9/1, 29, 5, 13
2022/9/2, 19, 5, 9
2022/9/3, 17, 2, 3
2022/9/4, 8, 3, 5
2022/9/5, 8, 3, 5
2022/9/6, 7, 3, 7
2022/9/7, 8, 3, 7
2022/9/8, 9, 4, 6
2022/9/9, 9, 4, 8
2022/9/10, 13, 5, 8
2022/9/11, 19, 4, 4
2022/9/12, 15, 3, 5
2022/9/13, 11, 3, 3
2022/9/14, 9, 3, 2
2022/9/15, 11, 3, 2
2022/9/16, 10, 3, 1
2022/9/17, 11, 2, 4
2022/9/18, 7, 3, 4
2022/9/19, 10, 5, 11
2022/9/20, 18, 6, 11
2022/9/21, 21, 7, 4
2022/9/22, 28, 4, 4
2022/9/23, 14, 3, 4
2022/9/24, 12, 3, 7
2022/9/25, 14, 6, 6
2022/9/26, 20, 3, 8
2022/9/27, 10, 4, 8
2022/9/28, 17, 7, 9
2022/9/29, 23, 4, 8
2022/9/30, 17, 8, 7
2022/4/1, 26, 7, 14
2022/4/2, 27, 5, 6
2022/4/3, 18, 4, 2
2022/4/4, 13, 6, 5
2022/4/5, 19, 9, 9
2022/4/6, 14, 4, 6
2022/4/7, 9, 4, 3
2022/4/8, 11, 6, 1
2022/4/9, 22, 6, 1
2022/4/10, 19, 5, 4
2022/4/11, 17, 6, 9
2022/4/12, 13, 6, 7
2022/4/13, 23, 6, 8
2022/4/14, 27, 7, 8
2022/4/15, 30, 8, 8
2022/4/16, 34, 8, 9
2022/4/17, 34, 7, 5
2022/4/18, 29, 19, 16
2022/4/19, 49, 23, 16
2022/4/20, 58, 13, 14
2022/4/21, 36, 9, 13
2022/4/22, 23, 7, 9
2022/4/23, 23, 5, 4
2022/4/24, 18, 10, 8
2022/4/25, 32, 11, 7
2022/4/26, 35, 9, 9
2022/4/27, 24, 5, 4
2022/4/28, 16, 5, 6
2022/4/29, 16, 3, 4
2022/4/30, 9, 4, 7
2022/5/1, 14, 6, 8
2022/5/2, 24, 4, 5
2022/5/3, 14, 8, 10
2022/5/4, 23, 7, 5
2022/5/5, 23, 8, 6
2022/5/6, 30, , 
2022/5/8, 18, 7, 7
2022/5/9, 20, 9, 4
2022/5/10, 33, 8, 5
2022/5/11, 29, 6, 6
2022/5/12, 20, 7, 7
2022/5/13, 28, 8, 4
2022/5/14, 25, 12, 4
2022/5/15, 43, 7, 8
2022/5/16, 22, 6, 8
2022/5/17, 18, 7, 5
2022/5/18, 22, 10, 9
2022/5/19, 39, 8, 7
2022/5/20, 30, 6, 6
2022/5/21, 22, 5, 4
2022/5/22, 19, 6, 2
2022/5/23, 21, 4, 6
2022/5/24, 18, 3, 5
2022/5/25, 13, 6, 4
2022/5/26, 19, 3, 3
2022/5/27, 11, 5, 1
2022/5/28, 16, 2, 3
2022/5/29, 7, 5, 9
2022/5/30, 19, 5, 7
2022/5/31, 20, 9, 7
2022/6/1, 36, 11, 5
2022/6/2, 44, 5, 3
2022/6/3, 20, 5, 2
2022/6/4, 23, 5, 1
2022/6/5, 23, 5, 6
2022/6/6, 19, 8, 13
2022/6/7, 25, 8, 8
2022/6/8, 32, 11, 6
2022/6/9, 46, 7, 3
2022/6/10, 28, 9, 2
2022/6/11, 33, 7, 4
2022/6/12, 27, 5, 5
2022/6/13, 20, 6, 4
2022/6/14, 24, 5, 7
2022/6/15, 21, 9, 10
2022/6/16, 36, 10, 6
2022/6/17, 39, 9, 5
2022/6/18, 30, 5, 4
2022/6/19, 17, 5, 6
2022/6/20, 18, 8, 5
2022/6/21, 27, 7, 5
2022/6/22, 25, 10, 4
2022/6/23, 39, 12, 5
2022/6/24, 39, 9, 2
2022/6/25, 33, 13, 6
2022/6/26, 50, 6, 7
2022/6/27, 19, 7, 6
2022/6/28, 24, 6, 6
2022/6/29, 16, 8, 7
2022/6/30, 20, 8, 8
2022/1/3, 32, 7, 7
2022/1/4, 27, 4, 6
2022/1/5, 14, 10, 13
2022/1/6, 35, 5, 3
2022/1/7, 21, 4, 5
2022/1/8, 16, 7, 4
2022/1/9, 11, 12, 4
2022/1/10, 30, 15, 15
2022/1/11, 51, 12, 11
2022/1/12, 43, 7, 6
2022/1/13, 27, 21, 10
2022/1/14, 56, 18, 14
2022/1/15, 58, 8, 3
2022/1/16, 30, 13, 5
2022/1/17, 40, 11, 13
2022/1/18, 40, 9, 4
2022/1/19, 33, 7, 5
2022/1/20, 21, 8, 9
2022/1/21, 29, 7, 9
2022/1/22, 28, 8, 9
2022/1/23, 30, 11, 7
2022/1/24, 40, 13, 18
2022/1/25, 45, 13, 8
2022/1/26, 44, 10, 1
2022/1/27, 37, 12, 8
2022/1/28, 30, 8, 1
2022/1/29, 33, 15, 5
2022/1/30, 48, 10, 8
2022/1/31, 26, 10, 5
2022/2/1, 35, 12, 14
2022/2/2, 39, 4, 6
2022/2/3, 18, 7, 6
2022/2/4, 25, 8, 5
2022/2/5, 30, 8, 7
2022/2/6, 28, 10, 7
2022/2/7, 35, 11, 7
2022/2/8, 40, 9, 4
2022/2/9, 32, 7, 7
2022/2/10, 26, 7, 8
2022/2/11, 25, 7, 4
2022/2/12, 29, 11, 4
2022/2/13, 44, 2, 9
2022/2/14, 7, 11, 7
2022/2/15, 26, 9, 9
2022/2/16, 25, 5, 12
2022/2/17, 19, 6, 11
2022/2/18, 22, 9, 13
2022/2/19, 32, 6, 9
2022/2/20, 27, 6, 13
2022/2/21, 24, 8, 11
2022/2/22, 29, 10, 5
2022/2/23, 36, 9, 7
2022/2/24, 25, 9, 9
2022/2/25, 27, 13, 8
2022/2/26, 41, 7, 2
2022/2/27, 27, 11, 2
2022/2/28, 42, 12, 14
2022/3/1, 34, 13, 15
2022/3/2, 42, 8, 12
2022/3/3, 19, 8, 9
2022/3/4, 14, 8, 9
2022/3/5, 31, 8, 9
2022/3/6, 30, 12, 18
2022/3/7, 39, 18, 17
2022/3/8, 48, 11, 4
2022/3/9, 33, 23, 6
2022/3/10, 69, 17, 5
2022/3/11, 54, 17, 3
2022/3/12, 55, 18, 5
2022/3/13, 59, 23, 9
2022/3/14, 61, 29, 12
2022/3/15, 73, 12, 3
2022/3/16, 39, 10, 9
2022/3/17, 37, 13, 8
2022/3/18, 34, 16, 12
2022/3/19, 39, 13, 12
2022/3/20, 39, 23, 8
2022/3/21, 67, 33, 14
2022/3/22, 91, 39, 25
2022/3/23, 101, 50, 23
2022/3/24, 119, 28, 11
2022/3/25, 79, 12, 5
2022/3/26, 40, 7, 6
2022/3/27, 26, 14, 4
2022/3/28, 44, 6, 4
2022/3/29, 18, 5, 12
2022/3/30, 15, 7, 12
2022/3/31, 17, 10, 14
2021/10/4, 25, , 4
2021/10/7, 16, 5, 
2021/10/8, 20, 11, 6
2021/10/9, 42, 13, 3
2021/10/10, 41, 4, 3
2021/10/11, 14, 3, 3
2021/10/12, 10, 6, 7
2021/10/13, 21, 9, 12
2021/10/14, 31, 8, 6
2021/10/15, 25, 9, 2
2021/10/16, 30, 6, 6
2021/10/17, 21, 4, 12
2021/10/18, 14, 2, 11
2021/10/19, 9, 7, 4
2021/10/20, 24, 5, 7
2021/10/21, 16, 5, 3
2021/10/22, 19, 9, 5
2021/10/23, 32, 7, 10
2021/10/24, 27, 8, 2
2021/10/25, 29, 6, 1
2021/10/26, 22, 10, 
2021/10/27, 39, 8, 10
2021/10/28, 33, 14, 5
2021/10/29, 51, 6, 4
2021/10/30, 21, 5, 3
2021/10/31, 17, 6, 3
2021/11/1, 20, 5, 2
2021/11/2, 20, 8, 7
2021/11/3, 28, 9, 16
2021/11/4, 26, 7, 13
2021/11/5, 25, 5, 11
2021/11/6, 19, 9, 4
2021/11/7, 32, 3, 9
2021/11/8, 10, 5, 5
2021/11/9, 21, 14, 6
2021/11/10, 39, 14, 
2021/11/11, 41, 11, 15
2021/11/12, 22, 17, 10
2021/11/13, 42, 10, 16
2021/11/14, 32, 5, 11
2021/11/15, 21, 6, 4
2021/11/16, 27, 6, 3
2021/11/17, 22, 6, 10
2021/11/18, 23, 14, 9
2021/11/19, 45, 9, 6
2021/11/20, 35, 4, 11
2021/11/21, 17, 7, 4
2021/11/22, 28, 5, 12
2021/11/23, 20, 5, 11
2021/11/24, 17, 4, 10
2021/11/25, 15, 4, 6
2021/11/26, 11, 7, 7
2021/11/27, 21, 10, 7
2021/11/28, 32, 23, 14
2021/11/29, 62, 16, 17
2021/11/30, 48, 14, 9
2021/12/1, 19, 14, 11
2021/12/2, 44, 7, 14
2021/12/3, 25, 2, 10
2021/12/4, 9, 10, 3
2021/12/5, 32, 3, 9
2021/12/6, 11, 3, 2
2021/12/7, 11, 4, 3
2021/12/8, 9, 4, 3
2021/12/9, 10, 23, 4
2021/12/10, 41, 18, 11
2021/12/11, 57, 12, 15
2021/12/12, 38, 11, 13
2021/12/13, 35, 9, 13
2021/12/14, 34, 12, 10
2021/12/15, 46, 24, 9
2021/12/16, 69, 8, 10
2021/12/17, 27, 11, 12
2021/12/18, 41, 6, 6
2021/12/19, 20, 43, 3
2021/12/20, 101, 28, 26
2021/12/21, 81, 9, 20
2021/12/22, 37, 11, 12
2021/12/23, 39, 22, 12
2021/12/24, 51, 24, 12
2021/12/25, 74, 34, 21
2021/12/26, 98, 9, 26
2021/12/27, 20, 14, 8
2021/12/28, 41, 17, 13
2021/12/29, 57, 12, 14
2021/12/30, 44, 12, 7
2021/12/31, 44, 16, 9
2022/1/1, 48, 14, 6
2022/1/2, 52, 8, 3
2021/7/1, 35, 11, 6
2021/7/2, 38, 7, 4
2021/7/3, 31, 12, 4
2021/7/4, 51, 12, 8
2021/7/5, 50, 6, 5
2021/7/6, 21, 5, 3
2021/7/7, 20, 7, 4
2021/7/8, 26, 6, 6
2021/7/9, 26, 7, 4
2021/7/10, 31, 5, 3
2021/7/11, 20, 6, 8
2021/7/12, 22, 9, 7
2021/7/13, 31, 9, 4
2021/7/14, 34, 8, 1
2021/7/15, 31, 7, 2
2021/7/16, 24, 7, 3
2021/7/17, 27, 7, 1
2021/7/18, 25, 5, 1
2021/7/19, 20, 6, 3
2021/7/20, 25, 6, 3
2021/7/21, 21, 6, 2
2021/7/22, 25, 12, 3
2021/7/23, 46, 15, 4
2021/7/24, 55, 12, 6
2021/7/25, 43, 14, 11
2021/7/26, 47, 14, 11
2021/7/27, 53, 9, 8
2021/7/28, 37, 4, 6
2021/7/29, 16, 9, 4
2021/7/30, 35, 6, 2
2021/7/31, 20, 7, 1
2021/8/1, 21, 5, 1
2021/8/2, 15, 4, 2
2021/8/3, 12, 5, 7
2021/8/4, 18, 8, 7
2021/8/5, 28, 6, 5
2021/8/6, 20, 5, 3
2021/8/7, 15, 5, 6
2021/8/8, 17, 5, 8
2021/8/9, 21, 9, 8
2021/8/10, 30, 7, 9
2021/8/11, 26, 7, 5
2021/8/12, 28, 8, 8
2021/8/13, 27, 5, 5
2021/8/14, 19, 6, 7
2021/8/15, 21, 4, 5
2021/8/16, 14, 8, 3
2021/8/17, 27, 4, 4
2021/8/18, 15, 4, 3
2021/8/19, 14, 3, 3
2021/8/20, 10, 3, 5
2021/8/21, 10, 6, 8
2021/8/22, 21, 7, 6
2021/8/23, 24, 6, 5
2021/8/24, 23, 5, 2
2021/8/25, 19, 3, 6
2021/8/26, 11, 3, 9
2021/8/27, 9, 4, 6
2021/8/28, 14, 5, 7
2021/8/29, 18, 10, 5
2021/8/30, 37, 8, 3
2021/8/31, 29, 11, 5
2021/9/1, 41, 7, 4
2021/9/2, 27, 7, 2
2021/9/3, 27, 6, 8
2021/9/4, 22, 8, 9
2021/9/5, 27, 8, 9
2021/9/6, 30, 11, 
2021/9/7, 45, , 
2021/4/1, 16, 8, 1
2021/4/2, 26, 9, 2
2021/4/3, 27, 8, 3
2021/4/4, 30, 10, 1
2021/4/5, 26, 6, 4
2021/4/6, 21, 5, 4
2021/4/7, 17, 7, 7
2021/4/8, 24, 8, 3
2021/4/9, 25, 7, 6
2021/4/10, 22, 4, 7
2021/4/11, 14, 5, 8
2021/4/12, 11, 6, 5
2021/4/13, 14, 7, 4
2021/4/14, 22, 14, 9
2021/4/15, 28, 8, 10
2021/4/16, 20, 8, 6
2021/4/17, 21, 11, 11
2021/4/18, 28, 17, 15
2021/4/19, 39, 22, 13
2021/4/20, 56, 7, 2
2021/4/21, 24, 9, 2
2021/4/22, 29, 7, 4
2021/4/23, 22, 3, 2
2021/4/24, 10, 3, 3
2021/4/25, 10, 8, 6
2021/4/26, 17, 7, 8
2021/4/27, 21, 7, 9
2021/4/28, 21, 7, 9
2021/4/29, 20, 9, 10
2021/4/30, 22, 9, 8
2021/5/1, 28, 8, 7
2021/5/2, 23, 4, 8
2021/5/3, 12, 6, 5
2021/5/4, 9, 2, 5
2021/5/5, 4, 4, 7
2021/5/6, 9, 7, 8
2021/5/7, 24, 5, 5
2021/5/8, 16, 2, 2
2021/5/9, 7, 9, 7
2021/5/10, 35, 11, 5
2021/5/11, 38, 17, 11
2021/5/12, 55, 16, 4
2021/5/13, 56, 17, 14
2021/5/14, 62, 14, 10
2021/5/15, 50, 4, 5
2021/5/16, 17, 5, 5
2021/5/17, 20, 8, 6
2021/5/18, 31, 10, 7
2021/5/19, 36, 4, 3
2021/5/20, 13, 4, 7
2021/5/21, 11, 2, 7
2021/5/22, 10, 6, 6
2021/5/23, 26, 3, 4
2021/5/24, 10, 4, 10
2021/5/25, 12, 3, 7
2021/5/26, 8, 7, 8
2021/5/27, 24, 14, 5
2021/5/28, 47, 16, 5
2021/5/29, 56, 18, 4
2021/5/30, 62, 16, 6
2021/5/31, 55, 17, 9
2021/6/1, 57, 12, 7
2021/6/2, 36, 11, 5
2021/6/3, 31, 14, 8
2021/6/4, 45, 21, 10
2021/6/5, 65, 17, 6
2021/6/6, 57, 13, 7
2021/6/7, 48, 15, 8
2021/6/8, 51, 15, 6
2021/6/9, 51, 10, 5
2021/6/10, 35, 11, 4
2021/6/11, 42, 9, 1
2021/6/12, 28, 10, 4
2021/6/13, 35, 7, 5
2021/6/14, 27, 7, 3
2021/6/15, 21, 7, 2
2021/6/16, 25, 12, 10
2021/6/17, 41, 7, 3
2021/6/18, 25, 13, 5
2021/6/19, 51, 11, 4
2021/6/20, 42, 8, 2
2021/6/21, 27, 6, 2
2021/6/22, 23, 7, 3
2021/6/23, 27, 9, 5
2021/6/24, 34, 5, 4
2021/6/25, 21, 8, 3
2021/6/26, 29, 7, 1
2021/6/27, 29, 10, 2
2021/6/28, 34, 16, 1
2021/6/29, 54, 14, 5
2021/6/30, 49, 10, 6
2021/1/4, 92, 26, 28
2021/1/5, 80, 53, 32
2021/1/6, 133, 34, 34
2021/1/7, 99, 19, 25
2021/1/8, 58, 14, 10
2021/1/9, 52, 15, 14
2021/1/10, 54, 6, 10
2021/1/11, 25, 9, 12
2021/1/12, 33, 5, 7
2021/1/13, 16, 26, 28
2021/1/14, 78, 37, 30
2021/1/15, 102, 14, 9
2021/1/16, 46, 8, 3
2021/1/17, 32, 8, 8
2021/1/18, 31, 6, 13
2021/1/19, 21, 2, 4
2021/1/20, 7, 4, 2
2021/1/21, 16, 7, 12
2021/1/22, 26, , 
2021/2/16, 11, 8, 5
2021/2/17, 18, 4, 4
2021/2/18, 14, 7, 5
2021/2/19, 24, 10, 4
2021/2/20, 35, 21, 3
2021/2/21, 62, 22, 11
2021/2/22, 60, 10, 6
2021/2/23, 32, 11, 5
2021/2/24, 44, 12, 8
2021/2/25, 41, 14, 5
2021/2/26, 44, 10, 7
2021/2/27, 39, 17, 13
2021/2/28, 52, 13, 9
2021/3/1, 45, 12, 10
2021/3/2, 39, 9, 8
2021/3/3, 30, 7, 5
2021/3/4, 16, 6, 7
2021/3/5, 16, 7, 4
2021/3/6, 23, 9, 5
2021/3/7, 23, 17, 17
2021/3/8, 29, 19, 18
2021/3/9, 39, 14, 3
2021/3/10, 34, 7, 7
2021/3/11, 23, 13, 7
2021/3/12, 43, 11, 5
2021/3/13, 30, 8, 5
2021/3/14, 31, 4, 5
2021/3/15, 12, 6, 4
2021/3/16, 14, 7, 8
2021/3/17, 15, 9, 11
2021/3/18, 27, 13, 13
2021/3/19, 28, 7, 5
2021/3/20, 25, 11, 3
2021/3/21, 33, 6, 9
2021/3/22, 22, 12, 8
2021/3/23, 41, 16, 7
2021/3/24, 51, 13, 6
2021/3/25, 40, 8, 3
2021/3/26, 34, 10, 5
2021/3/27, 28, 10, 4
2021/3/28, 33, 12, 6
2021/3/29, 41, 16, 6
2021/3/30, 54, 9, 3
2021/3/31, 32, 5, 3
2020/10/1, 16, 16, 4
2020/10/2, 36, 20, 4
2020/10/3, 49, 4, 8
2020/10/4, 13, 3, 8
2020/10/5, 8, 3, 7
2020/10/6, 9, 3, 10
2020/10/7, 12, 4, 10
2020/10/8, 13, 3, 7
2020/10/9, 12, 5, 9
2020/10/10, 16, 3, 6
2020/10/11, 11, 3, 8
2020/10/12, 10, 5, 14
2020/10/13, 15, 6, 14
2020/10/14, 21, 7, 15
2020/10/15, 25, 9, 18
2020/10/16, 29, 5, 7
2020/10/17, 18, 4, 2
2020/10/18, 12, 4, 11
2020/10/19, 13, 4, 6
2020/10/20, 18, 8, 10
2020/10/21, 34, 5, 13
2020/10/22, 20, 5, 10
2020/10/23, 15, 4, 4
2020/10/24, 14, 5, 3
2020/10/25, 17, 5, 9
2020/10/26, 18, 2, 9
2020/10/27, 10, 5, 5
2020/10/28, 20, 6, 12
2020/10/29, 23, 4, 9
2020/10/30, 16, 5, 9
2020/10/31, 20, 7, 2
2020/11/1, 27, 5, 11
2020/11/2, 20, 5, 14
2020/11/3, 18, 5, 9
2020/11/4, 19, 4, 6
2020/11/5, 16, 10, 15
2020/11/6, 34, 12, 13
2020/11/7, 42, 18, 16
2020/11/8, 65, 12, 18
2020/11/9, 44, 11, 18
2020/11/10, 39, 4, 5
2020/11/11, 17, 2, 4
2020/11/12, 6, 3, 4
2020/11/13, 12, 6, 2
2020/11/14, 22, 5, 1
2020/11/15, 21, 4, 5
2020/11/16, 15, 6, 7
2020/11/17, 24, 6, 5
2020/11/18, 26, 4, 3
2020/11/19, 15, 5, 12
2020/11/20, 19, 7, 3
2020/11/21, 26, 7, 2
2020/11/22, 26, 5, 8
2020/11/23, 18, 4, 9
2020/11/24, 18, 13, 13
2020/11/25, 49, 12, 20
2020/11/26, 45, 14, 23
2020/11/27, 46, 4, 9
2020/11/28, 16, 5, 3
2020/11/29, 22, 6, 9
2020/11/30, 24, 12, 16
2020/12/1, 37, 4, 5
2020/12/2, 15, 2, 6
2020/12/3, 7, 4, 6
2020/12/4, 12, 7, 11
2020/12/5, 29, 8, 10
2020/12/6, 29, 2, 6
2020/12/7, 7, 8, 8
2020/12/8, 25, 8, 7
2020/12/9, 27, 4, 5
2020/12/10, 13, 3, 4
2020/12/11, 7, 8, 10
2020/12/12, 22, 7, 8
2020/12/13, 23, 2, 3
2020/12/14, 8, 12, 10
2020/12/15, 47, 7, 6
2020/12/16, 26, 8, 8
2020/12/17, 29, 4, 4
2020/12/18, 15, 5, 2
2020/12/19, 20, 9, 3
2020/12/20, 33, 8, 6
2020/12/21, 29, 5, 11
2020/12/22, 19, 7, 7
2020/12/23, 26, 2, 4
2020/12/24, 7, 10, 11
2020/12/25, 35, 4, 2
2020/12/26, 19, 4, 2
2020/12/27, 16, 5, 15
2020/12/28, 18, 6, 13
2020/12/29, 26, 9, 10
2020/12/30, 30, 16, 11
2020/12/31, 54, 25, 11
2021/1/1, 74, 18, 18
2021/1/2, 58, 19, 19
2021/1/3, 56, 31, 27
2020/7/1, 14, 2, 2
2020/7/2, 6, 2, 8
2020/7/3, 9, 1, 5
2020/7/4, 5, 3, 3
2020/7/5, 11, 6, 1
2020/7/6, 20, 3, 3
2020/7/7, 8, 2, 2
2020/7/8, 8, 3, 2
2020/7/9, 9, 2, 2
2020/7/10, 7, 3, 2
2020/7/11, 11, 4, 3
2020/7/12, 14, 3, 4
2020/7/13, 11, 2, 5
2020/7/14, 8, 4, 6
2020/7/15, 14, 4, 5
2020/7/16, 14, 4, 4
2020/7/17, 15, 4, 5
2020/7/18, 16, 5, 4
2020/7/19, 17, 3, 3
2020/7/20, 9, 2, 2
2020/7/21, 8, 2, 5
2020/7/22, 7, 3, 6
2020/7/23, 10, 3, 5
2020/7/24, 11, 3, 5
2020/7/25, 11, 3, 5
2020/7/26, 13, 4, 2
2020/7/27, 16, 2, 2
2020/7/28, 7, 3, 3
2020/7/29, 12, 5, 5
2020/7/30, 18, 7, 7
2020/7/31, 26, 5, 7
2020/8/1, 19, 7, 3
2020/8/2, 27, 3, 4
2020/8/3, 12, 3, 6
2020/8/4, 12, 3, 4
2020/8/5, 13, 5, 8
2020/8/6, 13, 5, 7
2020/8/7, 17, 8, 3
2020/8/8, 29, 5, 3
2020/8/9, 18, 8, 7
2020/8/10, 31, 10, 6
2020/8/11, 40, 13, 9
2020/8/12, 42, 13, 8
2020/8/13, 35, 12, 3
2020/8/14, 46, 8, 1
2020/8/15, 31, 13, 3
2020/8/16, 51, 15, 9
2020/8/17, 50, 19, 11
2020/8/18, 53, 7, 8
2020/8/19, 26, 4, 7
2020/8/20, 13, 6, 3
2020/8/21, 20, 9, 2
2020/8/22, 32, 3, 3
2020/8/23, 11, 2, 7
2020/8/24, 7, 3, 7
2020/8/25, 9, 3, 4
2020/8/26, 8, 3, 3
2020/8/27, 10, 2, 7
2020/8/28, 9, 3, 2
2020/8/29, 8, 3, 1
2020/8/30, 9, 4, 8
2020/8/31, 13, 4, 10
2020/9/1, 11, 4, 5
2020/9/2, 11, 4, 4
2020/9/3, 16, 8, 8
2020/9/4, 25, 4, 4
2020/9/5, 13, 3, 2
2020/9/6, 10, 3, 6
2020/9/7, 10, 7, 6
2020/9/8, 23, 4, 3
2020/9/9, 14, 5, 6
2020/9/10, 12, 6, 5
2020/9/11, 22, 10, 5
2020/9/12, 31, 5, 4
2020/9/13, 19, 12, 7
2020/9/14, 42, 10, 9
2020/9/15, 39, 4, 3
2020/9/16, 15, 5, 9
2020/9/17, 13, 7, 11
2020/9/18, 24, 4, 3
2020/9/19, 14, 3, 4
2020/9/20, 14, 5, 7
2020/9/21, 21, 9, 5
2020/9/22, 34, 7, 
2020/9/23, 26, 3, 6
2020/9/24, 11, 2, 7
2020/9/25, 7, 1, 4
2020/9/26, 5, 4, 9
2020/9/27, 14, 13, 10
2020/9/28, 42, 13, 11
2020/9/29, 46, 4, 5
2020/9/30, 17, 5, 3
2020/4/1, 42, 13, 4
2020/4/2, 41, 6, 6
2020/4/3, 21, 6, 6
2020/4/4, 23, 14, 2
2020/4/5, 50, 22, 4
2020/4/6, 65, 14, 8
2020/4/7, 41, 13, 5
2020/4/8, 40, 9, 3
2020/4/9, 28, 11, 5
2020/4/10, 31, 11, 5
2020/4/11, 38, 10, 1
2020/4/12, 34, 6, 3
2020/4/13, 20, 10, 8
2020/4/14, 29, 11, 6
2020/4/15, 41, 9, 2
2020/4/16, 27, 8, 9
2020/4/17, 21, 10, 10
2020/4/18, 30, 7, 8
2020/4/19, 24, 9, 13
2020/4/20, 22, 10, 16
2020/4/21, 20, 11, 14
2020/4/22, 23, 9, 9
2020/4/23, 26, 6, 3
2020/4/24, 19, 6, 9
2020/4/25, 18, 6, 3
2020/4/26, 20, 2, 6
2020/4/27, 8, 5, 10
2020/4/28, 18, 3, 5
2020/4/29, 8, 3, 3
2020/4/30, 6, 5, 5
2020/5/1, 17, 9, 7
2020/5/2, 34, 4, 2
2020/5/3, 15, 5, 4
2020/5/4, 12, 5, 7
2020/5/5, 17, 8, 5
2020/5/6, 26, 15, 7
2020/5/7, 43, 12, 6
2020/5/8, 37, 5, 5
2020/5/9, 16, 3, 1
2020/5/10, 10, 4, 4
2020/5/11, 13, 4, 2
2020/5/12, 14, 4, 2
2020/5/13, 11, 4, 6
2020/5/14, 13, 5, 5
2020/5/15, 15, 6, 2
2020/5/16, 18, 7, 3
2020/5/17, 21, 5, 8
2020/5/18, 15, 4, 4
2020/5/19, 11, 7, 10
2020/5/20, 18, 5, 5
2020/5/21, 18, 7, 3
2020/5/22, 21, 12, 2
2020/5/23, 40, 10, 2
2020/5/24, 37, 5, 4
2020/5/25, 19, 11, 7
2020/5/26, 37, 11, 4
2020/5/27, 36, 7, 4
2020/5/28, 21, 7, 8
2020/5/29, 20, 6, 8
2020/5/30, 20, 4, 7
2020/5/31, 14, 4, 7
2020/6/1, 10, 5, 7
2020/6/2, 14, 14, 6
2020/6/3, 49, 5, 7
2020/6/4, 20, 3, 6
2020/6/5, 9, 3, 5
2020/6/6, 10, 5, 4
2020/6/7, 18, 7, 2
2020/6/8, 21, 8, 5
2020/6/9, 25, 5, 8
2020/6/10, 15, 6, 7
2020/6/11, 17, 7, 9
2020/6/12, 18, 7, 7
2020/6/13, 23, 10, 4
2020/6/14, 31, 12, 7
2020/6/15, 36, 13, 8
2020/6/16, 43, 13, 10
2020/6/17, 47, 19, 10
2020/6/18, 53, 13, 11
2020/6/19, 43, 12, 6
2020/6/20, 47, 7, 3
2020/6/21, 26, 7, 6
2020/6/22, 27, 14, 7
2020/6/23, 38, 21, 8
2020/6/24, 60, 9, 11
2020/6/25, 26, 8, 8
2020/6/26, 27, 11, 3
2020/6/27, 40, 6, 1
2020/6/28, 21, 3, 2
2020/6/29, 9, 3, 4
2020/6/30, 9, 5, 2
2020/1/1, 38, 17, 4
2020/1/2, 59, 9, 6
2020/1/3, 32, 11, 7
2020/1/4, 38, 7, 11
2020/1/5, 27, 6, 6
2020/1/6, 26, 8, 9
2020/1/7, 32, 14, 6
2020/1/8, 45, 9, 19
2020/1/9, 30, 11, 20
2020/1/10, 37, 7, 3
2020/1/11, 28, 12, 14
2020/1/12, 38, 7, 9
2020/1/13, 26, 9, 7
2020/1/14, 33, 10, 7
2020/1/15, 36, 13, 7
2020/1/16, 46, 13, 12
2020/1/17, 45, 6, 8
2020/1/18, 22, 17, 13
2020/1/19, 52, 9, 15
2020/1/20, 32, 9, 9
2020/1/21, 32, 15, 14
2020/1/22, 43, 7, 17
2020/1/23, 26, 10, 17
2020/1/24, 34, 5, 10
2020/1/25, 21, 8, 4
2020/1/26, 33, 8, 9
2020/1/27, 29, 4, 14
2020/1/28, 13, 7, 20
2020/1/29, 25, 2, 11
2020/1/30, 8, 8, 10
2020/1/31, 27, 10, 5
2020/2/1, 38, 10, 13
2020/2/2, 32, 5, 15
2020/2/3, 20, 6, 13
2020/2/4, 20, 10, 14
2020/2/5, 35, 6, 8
2020/2/6, 21, 3, 10
2020/2/7, 15, 12, 4
2020/2/8, 45, 6, 2
2020/2/9, 25, 8, 7
2020/2/10, 25, 7, 10
2020/2/11, 26, 6, 7
2020/2/12, 20, 7, 18
2020/2/13, 26, 6, 12
2020/2/14, 22, 10, 4
2020/2/15, 37, 9, 3
2020/2/16, 35, 14, 5
2020/2/17, 52, 10, 11
2020/2/18, 33, 6, 16
2020/2/19, 23, 4, 7
2020/2/20, 16, 12, 7
2020/2/21, 43, 9, 3
2020/2/22, 33, 6, 4
2020/2/23, 23, 6, 16
2020/2/24, 21, 3, 8
2020/2/25, 8, 8, 9
2020/2/26, 11, 6, 6
2020/2/27, 13, 7, 10
2020/2/28, 20, 2, 3
2020/2/29, 7, 6, 4
2020/3/1, 22, 7, 8
2020/3/2, 27, 5, 13
2020/3/3, 14, 10, 21
2020/3/4, 24, 10, 21
2020/3/5, 29, 15, 22
2020/3/6, 32, 8, 9
2020/3/7, 29, 9, 4
2020/3/8, 32, 10, 8
2020/3/9, 32, 5, 6
2020/3/10, 18, 16, 8
2020/3/11, 50, 13, 10
2020/3/12, 41, 7, 4
2020/3/13, 21, 8, 7
2020/3/14, 24, 10, 3
2020/3/15, 39, 10, 10
2020/3/16, 26, 15, 6
2020/3/17, 49, 11, 7
2020/3/18, 28, 10, 6
2020/3/19, 31, 6, 7
2020/3/20, 18, 6, 9
2020/3/21, 18, 5, 2
2020/3/22, 17, 10, 2
2020/3/23, 30, 18, 3
2020/3/24, 59, 31, 6
2020/3/25, 86, 33, 11
2020/3/26, 85, 29, 10
2020/3/27, 82, 5, 5
2020/3/28, 16, 3, 3
2020/3/29, 8, , 
2019/10/1, 13, 6, 14
2019/10/2, 18, 7, 12
2019/10/3, 20, 3, 9
2019/10/4, 8, 7, 11
2019/10/5, 25, 5, 8
2019/10/6, 18, 5, 11
2019/10/7, 18, 2, 7
2019/10/8, 9, 7, 9
2019/10/9, 26, 7, 11
2019/10/10, 25, 8, 11
2019/10/11, 28, 6, 8
2019/10/12, 22, 6, 10
2019/10/13, 20, 6, 16
2019/10/14, 20, 3, 12
2019/10/15, 9, 2, 8
2019/10/16, 8, 3, 9
2019/10/17, 11, 4, 15
2019/10/18, 13, 4, 14
2019/10/19, 15, 7, 17
2019/10/20, 25, 9, 16
2019/10/21, 32, 8, 10
2019/10/22, 27, 8, 9
2019/10/23, 27, 4, 9
2019/10/24, 17, 6, 15
2019/10/25, 19, 4, 9
2019/10/26, 16, 4, 7
2019/10/27, 14, 4, 7
2019/10/28, 11, 17, 23
2019/10/29, 39, 19, 25
2019/10/30, 62, 11, 24
2019/10/31, 41, 8, 20
2019/11/1, 21, 11, 19
2019/11/2, 39, 3, 7
2019/11/3, 11, 5, 13
2019/11/4, 11, 20, 26
2019/11/5, 33, 9, 14
2019/11/6, 21, 10, 16
2019/11/7, 22, 27, 30
2019/11/8, 57, 20, 22
2019/11/9, 55, 27, 22
2019/11/10, 75, 11, 18
2019/11/11, 36, 4, 10
2019/11/12, 11, 4, 11
2019/11/13, 13, 5, 16
2019/11/14, 17, 9, 23
2019/11/15, 27, 7, 15
2019/11/16, 26, 19, 22
2019/11/17, 66, 7, 13
2019/11/18, 24, 3, 6
2019/11/19, 10, 16, 29
2019/11/20, 50, 11, 20
2019/11/21, 41, 4, 12
2019/11/22, 11, 6, 11
2019/11/23, 18, 7, 8
2019/11/24, 19, 8, 10
2019/11/25, 21, 4, 13
2019/11/26, 17, 5, 11
2019/11/27, 17, 4, 11
2019/11/28, 15, 5, 7
2019/11/29, 15, 7, 10
2019/11/30, 27, 8, 15
2019/12/1, 29, 12, 19
2019/12/2, 37, 7, 12
2019/12/3, 26, 10, 12
2019/12/4, 39, 10, 7
2019/12/5, 37, 7, 18
2019/12/6, 24, 8, 9
2019/12/7, 29, 6, 5
2019/12/8, 21, 7, 4
2019/12/9, 21, 5, 6
2019/12/10, 17, 9, 10
2019/12/11, 31, 7, 11
2019/12/12, 25, 5, 7
2019/12/13, 16, 4, 3
2019/12/14, 18, 5, 8
2019/12/15, 21, 8, 17
2019/12/16, 29, 8, 15
2019/12/17, 28, 8, 25
2019/12/18, 26, 3, 7
2019/12/19, 10, 5, 7
2019/12/20, 18, 3, 6
2019/12/21, 12, 3, 10
2019/12/22, 8, 5, 19
2019/12/23, 22, 5, 14
2019/12/24, 20, 9, 13
2019/12/25, 36, 20, 24
2019/12/26, 65, 6, 14
2019/12/27, 23, 4, 3
2019/12/28, 17, 11, 4
2019/12/29, 44, , 
2019/7/1, 25, 5, 2
2019/7/2, 13, 7, 3
2019/7/3, 17, 4, 4
2019/7/4, 14, 5, 
2019/7/5, 12, 6, 
2019/7/6, 19, 6, 
2019/7/7, 20, 5, 
2019/7/8, 16, 6, 
2019/7/9, 20, 6, 
2019/7/10, 20, 8, 
2019/7/11, 29, 12, 
2019/7/12, 47, 10, 
2019/7/13, 38, 6, 
2019/7/14, 20, 5, 
2019/7/15, 17, 5, 
2019/7/16, 15, 7, 
2019/7/17, 23, 7, 
2019/7/18, 30, 7, 
2019/7/19, 25, 4, 
2019/7/20, 14, 6, 
2019/7/21, 22, 6, 
2019/7/22, 22, 15, 
2019/7/23, 49, 13, 
2019/7/24, 40, 16, 
2019/7/25, 44, 15, 
2019/7/26, 41, 11, 
2019/7/27, 36, 12, 
2019/7/28, 43, 15, 
2019/7/29, 47, 17, 
2019/7/30, 54, 3, 
2019/7/31, 11, 4, 
2019/8/1, 10, 6, 
2019/8/2, 23, 12, 
2019/8/3, 45, 8, 
2019/8/4, 24, 7, 10
2019/8/5, 24, 8, 6
2019/8/6, 27, 9, 
2019/8/7, 28, 6, 3
2019/8/8, 21, 8, 10
2019/8/9, 25, 6, 3
2019/8/10, 19, 7, 6
2019/8/11, 27, 5, 6
2019/8/12, 16, 7, 5
2019/8/13, 16, 5, 
2019/8/14, 15, 5, 10
2019/8/15, 13, 12, 8
2019/8/16, 23, 6, 4
2019/8/17, 21, 8, 4
2019/8/18, 25, 9, 8
2019/8/19, 29, 7, 9
2019/8/20, 22, 6, 11
2019/8/21, 16, 7, 7
2019/8/22, 24, 13, 10
2019/8/23, 42, 6, 6
2019/8/24, 20, 9, 9
2019/8/25, 25, 17, 17
2019/8/26, 47, 22, 21
2019/8/27, 56, 15, 10
2019/8/28, 47, 9, 9
2019/8/29, 29, 13, 5
2019/8/30, 46, 11, 2
2019/8/31, 39, 5, 6
2019/9/1, 16, 5, 8
2019/9/2, 12, 4, 6
2019/9/3, 11, 5, 8
2019/9/4, 15, 11, 9
2019/9/5, 20, 5, 11
2019/9/6, 17, 4, 8
2019/9/7, 13, 4, 10
2019/9/8, 10, 5, 14
2019/9/9, 13, 5, 7
2019/9/10, 15, 7, 6
2019/9/11, 23, 9, 10
2019/9/12, 24, 9, 7
2019/9/13, 25, 8, 6
2019/9/14, 28, 13, 2
2019/9/15, 42, 7, 6
2019/9/16, 20, 6, 4
2019/9/17, 17, 4, 4
2019/9/18, 11, 5, 14
2019/9/19, 15, 4, 6
2019/9/20, 15, 9, 11
2019/9/21, 33, 10, 13
2019/9/22, 37, 4, 7
2019/9/23, 11, 5, 10
2019/9/24, 15, 9, 11
2019/9/25, 30, 7, 6
2019/9/26, 24, 5, 17
2019/9/27, 17, 3, 12
2019/9/28, 11, 4, 8
2019/9/29, 16, 4, 6
2019/9/30, 13, 4, 4
2019/4/1, 18, 14, 8
2019/4/2, 36, 26, 15
2019/4/3, 62, 34, 18
2019/4/4, 73, 40, 24
2019/4/5, 86, 36, 18
2019/4/6, 88, 25, 14
2019/4/7, 71, 16, 13
2019/4/8, 46, 21, 19
2019/4/9, 38, 13, 17
2019/4/10, 25, 13, 17
2019/4/11, 28, 11, 15
2019/4/12, 32, 10, 15
2019/4/13, 30, 11, 13
2019/4/14, 30, 11, 15
2019/4/15, 31, 12, 14
2019/4/16, 28, 12, 9
2019/4/17, 32, 10, 11
2019/4/18, 30, 13, 13
2019/4/19, 39, 16, 18
2019/4/20, 49, 19, 12
2019/4/21, 57, 17, 11
2019/4/22, 46, 19, 9
2019/4/23, 42, 36, 9
2019/4/24, 61, 26, 10
2019/4/25, 65, 24, 16
2019/4/26, 72, 12, 15
2019/4/27, 47, 12, 12
2019/4/28, 49, 25, 17
2019/4/29, 72, 24, 12
2019/4/30, 74, 11, 4
2019/5/1, 44, 6, 3
2019/5/2, 16, 3, 6
2019/5/3, 11, 5, 4
2019/5/4, 18, 6, 5
2019/5/5, 22, 4, 5
2019/5/6, 12, 5, 8
2019/5/7, 14, 4, 12
2019/5/8, 14, 3, 15
2019/5/9, 10, 4, 6
2019/5/10, 14, 4, 4
2019/5/11, 14, 3, 3
2019/5/12, 12, 4, 9
2019/5/13, 13, , 14
2019/5/24, 25, 4, 
2019/5/25, 15, 4, 
2019/5/26, 12, 6, 
2019/5/27, 15, 5, 
2019/5/28, 11, 6, 
2019/5/29, 14, 11, 
2019/5/30, 35, 8, 
2019/5/31, 19, 6, 
2019/6/1, 20, 7, 
2019/6/2, 28, 14, 
2019/6/3, 46, 11, 
2019/6/4, 32, 7, 
2019/6/5, 23, 14, 
2019/6/6, 47, 10, 
2019/6/7, 34, 8, 
2019/6/8, 26, 7, 
2019/6/9, 28, 11, 
2019/6/10, 38, 12, 
2019/6/11, 36, 6, 
2019/6/12, 14, 5, 
2019/6/13, 17, 5, 
2019/6/14, 13, 8, 
2019/6/15, 25, 10, 
2019/6/16, 37, 9, 
2019/6/17, 32, 9, 
2019/6/18, 32, 10, 
2019/6/19, 34, 9, 
2019/6/20, 32, 8, 
2019/6/21, 21, 7, 
2019/6/22, 19, 9, 
2019/6/23, 33, 13, 17
2019/6/24, 39, 9, 16
2019/6/25, 29, 10, 5
2019/6/26, 35, 7, 3
2019/6/27, 23, 8, 4
2019/6/28, 26, 9, 5
2019/6/29, 36, 13, 6
2019/6/30, 46, 7, 6
2019/1/1, 44, 6, 11
2019/1/2, 19, 10, 26
2019/1/3, 34, 5, 11
2019/1/4, 20, 3, 7
2019/1/5, 12, 7, 10
2019/1/6, 28, 7, 17
2019/1/7, 25, 4, 8
2019/1/8, 14, 18, 21
2019/1/9, 43, 20, 22
2019/1/10, 55, 14, 8
2019/1/11, 43, 9, 13
2019/1/12, 30, 7, 6
2019/1/13, 21, 16, 8
2019/1/14, 36, 9, 14
2019/1/15, 32, 8, 11
2019/1/16, 28, 5, 9
2019/1/17, 15, 22, 26
2019/1/18, 67, 19, 25
2019/1/19, 63, 13, 16
2019/1/20, 48, 12, 27
2019/1/21, 42, 9, 8
2019/1/22, 24, 20, 10
2019/1/23, 53, 29, 11
2019/1/24, 73, 19, 6
2019/1/25, 54, 11, 5
2019/1/26, 23, 12, 6
2019/1/27, 25, 28, 21
2019/1/28, 62, 8, 13
2019/1/29, 29, 9, 7
2019/1/30, 25, 11, 9
2019/1/31, 20, 13, 9
2019/2/1, 28, 31, 17
2019/2/2, 60, 12, 15
2019/2/3, 47, 4, 9
2019/2/4, 15, 9, 17
2019/2/5, 31, 5, 9
2019/2/6, 19, 15, 12
2019/2/7, 26, 4, 11
2019/2/8, 16, 10, 6
2019/2/9, 33, 10, 5
2019/2/10, 32, 6, 6
2019/2/11, 16, 9, 12
2019/2/12, 33, 23, 16
2019/2/13, 61, 18, 12
2019/2/14, 56, 20, 14
2019/2/15, 51, 24, 13
2019/2/16, 72, 15, 4
2019/2/17, 51, 24, 8
2019/2/18, 74, 8, 11
2019/2/19, 27, 6, 14
2019/2/20, 21, 10, 16
2019/2/21, 35, 8, 9
2019/2/22, 20, 11, 4
2019/2/23, 37, 26, 10
2019/2/24, 75, 23, 20
2019/2/25, 65, 39, 20
2019/2/26, 99, 39, 16
2019/2/27, 103, 6, 9
2019/2/28, 19, 15, 14
2019/3/1, 27, 7, 7
2019/3/2, 28, 15, 3
2019/3/3, 49, 11, 19
2019/3/4, 25, 5, 11
2019/3/5, 18, 6, 10
2019/3/6, 12, 6, 11
2019/3/7, 22, 11, 7
2019/3/8, 26, 4, 9
2019/3/9, 16, 12, 11
2019/3/10, 22, 12, 19
2019/3/11, 27, 4, 8
2019/3/12, 18, 8, 13
2019/3/13, 22, 7, 14
2019/3/14, 25, 6, 19
2019/3/15, 23, 6, 11
2019/3/16, 20, 4, 3
2019/3/17, 11, 7, 7
2019/3/18, 17, 15, 15
2019/3/19, 27, 13, 12
2019/3/20, 42, 11, 10
2019/3/21, 36, 9, 8
2019/3/22, 25, 15, 7
2019/3/23, 42, 10, 11
2019/3/24, 33, 6, 8
2019/3/25, 17, 5, 13
2019/3/26, 19, 7, 16
2019/3/27, 24, 11, 14
2019/3/28, 39, 19, 12
2019/3/29, 60, 8, 8
2019/3/30, 30, 5, 5
2019/3/31, 15, 9, 13
2018/10/1, 14, 5, 8
2018/10/2, 16, 7, 12
2018/10/3, 19, 9, 12
2018/10/4, 31, 11, 19
2018/10/5, 24, 5, 11
2018/10/6, 14, 4, 12
2018/10/7, 16, 10, 15
2018/10/8, 31, 12, 10
2018/10/9, 47, 15, 14
2018/10/10, 50, 18, 13
2018/10/11, 56, 18, 8
2018/10/12, 58, 14, 6
2018/10/13, 52, 9, 7
2018/10/14, 34, 2, 9
2018/10/15, 8, 7, 13
2018/10/16, 16, 12, 15
2018/10/17, 42, 8, 16
2018/10/18, 22, 9, 18
2018/10/19, 28, 9, 15
2018/10/20, 29, 5, 7
2018/10/21, 22, 9, 10
2018/10/22, 28, 7, 6
2018/10/23, 23, 7, 13
2018/10/24, 19, 7, 11
2018/10/25, 24, 5, 17
2018/10/26, 15, 4, 16
2018/10/27, 13, 12, 21
2018/10/28, 36, 5, 13
2018/10/29, 11, 7, 11
2018/10/30, 13, 5, 14
2018/10/31, 19, 4, 10
2018/11/1, 15, 6, 15
2018/11/2, 23, 5, 11
2018/11/3, 20, 9, 7
2018/11/4, 34, 14, 16
2018/11/5, 42, 14, 17
2018/11/6, 40, 11, 11
2018/11/7, 25, 5, 11
2018/11/8, 19, 9, 15
2018/11/9, 20, 5, 9
2018/11/10, 18, 5, 12
2018/11/11, 20, 7, 12
2018/11/12, 24, 10, 17
2018/11/13, 35, 6, 12
2018/11/14, 22, 9, 11
2018/11/15, 35, 20, 16
2018/11/16, 50, 24, 14
2018/11/17, 73, 19, 12
2018/11/18, 62, 18, 18
2018/11/19, 58, 11, 16
2018/11/20, 43, 36, 29
2018/11/21, 83, 20, 24
2018/11/22, 59, 16, 25
2018/11/23, 51, 26, 29
2018/11/24, 81, 34, 31
2018/11/25, 99, 23, 29
2018/11/26, 66, 17, 21
2018/11/27, 45, 9, 12
2018/11/28, 20, 5, 12
2018/11/29, 20, 8, 14
2018/11/30, 29, 8, 16
2018/12/1, 30, 3, 14
2018/12/2, 13, 3, 13
2018/12/3, 13, 8, 12
2018/12/4, 24, 12, 23
2018/12/5, 42, 4, 15
2018/12/6, 14, 7, 16
2018/12/7, 25, 6, 15
2018/12/8, 21, 5, 10
2018/12/9, 17, 5, 9
2018/12/10, 16, 13, 25
2018/12/11, 38, 9, 21
2018/12/12, 31, 15, 17
2018/12/13, 24, 16, 15
2018/12/14, 22, 11, 10
2018/12/15, 22, 8, 8
2018/12/16, 27, 28, 16
2018/12/17, 66, 15, 14
2018/12/18, 45, 11, 12
2018/12/19, 21, 4, 12
2018/12/20, 9, 11, 10
2018/12/21, 16, 5, 15
2018/12/22, 19, 25, 22
2018/12/23, 77, 22, 15
2018/12/24, 70, 11, 12
2018/12/25, 38, 9, 15
2018/12/26, 34, 9, 16
2018/12/27, 31, 6, 19
2018/12/28, 24, 8, 15
2018/12/29, 29, 11, 18
2018/12/30, 37, , 
2018/7/1, 28, 9, 
2018/7/2, 21, 9, 
2018/7/3, 26, 13, 10
2018/7/4, 42, 7, 5
2018/7/5, 25, 10, 4
2018/7/6, 25, 7, 4
2018/7/7, 20, 7, 5
2018/7/8, 24, 7, 4
2018/7/9, 18, 8, 11
2018/7/10, 21, 12, 13
2018/7/11, 34, 9, 8
2018/7/12, 34, 6, 5
2018/7/13, 23, 5, 6
2018/7/14, 19, 11, 11
2018/7/15, 41, 18, 16
2018/7/16, 49, 18, 24
2018/7/17, 51, 16, 14
2018/7/18, 47, 5, 6
2018/7/19, 17, 9, 12
2018/7/20, 27, 10, 10
2018/7/21, 32, 6, 8
2018/7/22, 20, 10, 8
2018/7/23, 29, 11, 9
2018/7/24, 40, 11, 10
2018/7/25, 39, 10, 13
2018/7/26, 31, 14, 20
2018/7/27, 36, 15, 10
2018/7/28, 41, 12, 6
2018/7/29, 30, 8, 7
2018/7/30, 25, 9, 10
2018/7/31, 28, 11, 10
2018/8/1, 23, 9, 11
2018/8/2, 27, 9, 14
2018/8/3, 30, 5, 6
2018/8/4, 18, 8, 6
2018/8/5, 19, 9, 13
2018/8/6, 26, 11, 9
2018/8/7, 34, 12, 15
2018/8/8, 37, 8, 12
2018/8/9, 21, 7, 8
2018/8/10, 18, 6, 9
2018/8/11, 17, 3, 8
2018/8/12, 10, 6, 12
2018/8/13, 15, 9, 16
2018/8/14, 19, 7, 11
2018/8/15, 24, 7, 13
2018/8/16, 25, 9, 11
2018/8/17, 20, 9, 10
2018/8/18, 30, 6, 10
2018/8/19, 16, 5, 8
2018/8/20, 15, 7, 16
2018/8/21, 15, 6, 12
2018/8/22, 23, 7, 14
2018/8/23, 16, 5, 15
2018/8/24, 15, 3, 11
2018/8/25, 10, 4, 10
2018/8/26, 11, 3, 14
2018/8/27, 9, 6, 15
2018/8/28, 15, 6, 13
2018/8/29, 21, 8, 11
2018/8/30, 23, 10, 15
2018/8/31, 27, 7, 13
2018/9/1, 21, 7, 10
2018/9/2, 24, 10, 16
2018/9/3, 27, 11, 16
2018/9/4, 35, 9, 12
2018/9/5, 28, 8, 18
2018/9/6, 30, 8, 15
2018/9/7, 26, 3, 9
2018/9/8, 9, 3, 8
2018/9/9, 13, 7, 12
2018/9/10, 23, 9, 10
2018/9/11, 24, 10, 10
2018/9/12, 26, 10, 15
2018/9/13, 25, 6, 13
2018/9/14, 19, 6, 13
2018/9/15, 16, 6, 9
2018/9/16, 20, 9, 14
2018/9/17, 24, 11, 9
2018/9/18, 35, 12, 7
2018/9/19, 38, 14, 10
2018/9/20, 35, 5, 8
2018/9/21, 17, 7, 7
2018/9/22, 21, 4, 8
2018/9/23, 13, 4, 11
2018/9/24, 15, 7, 15
2018/9/25, 20, 13, 10
2018/9/26, 43, 9, 10
2018/9/27, 28, 6, 10
2018/9/28, 18, 5, 11
2018/9/29, 16, 7, 11
2018/9/30, 23, 5, 11
2018/4/1, 20, 14, 21
2018/4/2, 28, 18, 16
2018/4/3, 23, 12, 17
2018/4/4, 26, 9, 11
2018/4/5, 18, 21, 19
2018/4/6, 23, 20, 16
2018/4/7, 41, 21, 18
2018/4/8, 62, 16, 18
2018/4/9, 54, 15, 21
2018/4/10, 30, 17, 22
2018/4/11, 19, 25, 24
2018/4/12, 29, 24, 20
2018/4/13, 50, 39, 23
2018/4/14, 71, 34, 22
2018/4/15, 80, 30, 20
2018/4/16, 77, 16, 13
2018/4/17, 46, 25, 18
2018/4/18, 58, 20, 13
2018/4/19, 46, 42, 22
2018/4/20, 104, 11, 14
2018/4/21, 34, 9, 14
2018/4/22, 28, 12, 14
2018/4/23, 44, 8, 16
2018/4/24, 29, 13, 17
2018/4/25, 33, 13, 15
2018/4/26, 33, 9, 17
2018/4/27, 16, 4, 9
2018/4/28, 11, 4, 7
2018/4/29, 14, 6, 13
2018/4/30, 12, 3, 13
2018/5/1, 10, 11, 10
2018/5/2, 32, 13, 17
2018/5/3, 33, 10, 14
2018/5/4, 36, 15, 11
2018/5/5, 53, 13, 12
2018/5/6, 41, 30, 23
2018/5/7, 65, 24, 17
2018/5/8, 53, 20, 12
2018/5/9, 36, 19, 17
2018/5/10, 55, 10, 13
2018/5/11, 36, 12, 13
2018/5/12, 38, 9, 15
2018/5/13, 27, 25, 20
2018/5/14, 51, 25, 23
2018/5/15, 52, 12, 7
2018/5/16, 33, 10, 6
2018/5/17, 29, 13, 16
2018/5/18, 37, 13, 13
2018/5/19, 30, 16, 9
2018/5/20, 38, 15, 10
2018/5/21, 30, 16, 15
2018/5/22, 41, 16, 13
2018/5/23, 46, 17, 18
2018/5/24, 49, 17, 18
2018/5/25, 41, 15, 14
2018/5/26, 46, 18, 14
2018/5/27, 52, 19, 18
2018/5/28, 49, 15, 21
2018/5/29, 43, 20, 18
2018/5/30, 55, 22, 22
2018/5/31, 50, 18, 19
2018/6/1, 40, 19, 15
2018/6/2, 50, 17, 9
2018/6/3, 52, 13, 7
2018/6/4, 41, , 
2018/6/20, 18, 6, 
2018/6/21, 15, 8, 
2018/6/22, 22, 5, 
2018/6/23, 18, 5, 
2018/6/24, 19, 8, 
2018/6/25, 26, 11, 
2018/6/26, 37, 11, 
2018/6/27, 33, 14, 
2018/6/28, 43, 16, 
2018/6/29, 41, 14, 
2018/6/30, 41, 12, 
2018/1/1, 29, 9, 20
2018/1/2, 29, 10, 12
2018/1/3, 9, 27, 25
2018/1/4, 46, 24, 33
2018/1/5, 69, 16, 19
2018/1/6, 52, 13, 17
2018/1/7, 46, 13, 24
2018/1/8, 41, 22, 17
2018/1/9, 24, 14, 10
2018/1/10, 26, 20, 25
2018/1/11, 57, 20, 23
2018/1/12, 64, 9, 6
2018/1/13, 13, 15, 4
2018/1/14, 44, 5, 6
2018/1/15, 20, 8, 22
2018/1/16, 27, 8, 22
2018/1/17, 27, 7, 20
2018/1/18, 23, 6, 13
2018/1/19, 22, 12, 23
2018/1/20, 36, 6, 16
2018/1/21, 24, 4, 8
2018/1/22, 19, 5, 7
2018/1/23, 21, 13, 8
2018/1/24, 45, 14, 19
2018/1/25, 44, 16, 20
2018/1/26, 48, 11, 15
2018/1/27, 38, 21, 9
2018/1/28, 60, 7, 13
2018/1/29, 22, 9, 19
2018/1/30, 31, 6, 17
2018/1/31, 24, 3, 17
2018/2/1, 9, 33, 19
2018/2/2, 41, 35, 17
2018/2/3, 52, 40, 25
2018/2/4, 89, 76, 24
2018/2/5, 71, 36, 22
2018/2/6, 48, 11, 18
2018/2/7, 36, 4, 12
2018/2/8, 15, 4, 12
2018/2/9, 19, 14, 10
2018/2/10, 50, 5, 8
2018/2/11, 14, 10, 13
2018/2/12, 24, 7, 13
2018/2/13, 25, 13, 9
2018/2/14, 43, 11, 9
2018/2/15, 38, 10, 19
2018/2/16, 33, 8, 10
2018/2/17, 27, 8, 18
2018/2/18, 29, 24, 26
2018/2/19, 34, 29, 20
2018/2/20, 43, 17, 18
2018/2/21, 58, 23, 21
2018/2/22, 51, 36, 27
2018/2/23, 51, 23, 13
2018/2/24, 34, 19, 16
2018/2/25, 33, 18, 21
2018/2/26, 39, 37, 12
2018/2/27, 36, 26, 12
2018/2/28, 32, 40, 20
2018/3/1, 50, 28, 21
2018/3/2, 31, 14, 16
2018/3/3, 24, 23, 14
2018/3/4, 31, 24, 19
2018/3/5, 36, 26, 31
2018/3/6, 62, 23, 28
2018/3/7, 71, 23, 24
2018/3/8, 58, 42, 24
2018/3/9, 65, 18, 15
2018/3/10, 36, 14, 23
2018/3/11, 37, 7, 20
2018/3/12, 27, 23, 24
2018/3/13, 60, 41, 21
2018/3/14, 39, 25, 16
2018/3/15, 28, 16, 13
2018/3/16, 20, 21, 15
2018/3/17, 34, 33, 22
2018/3/18, 62, 12, 15
2018/3/19, 33, 14, 16
2018/3/20, 27, 11, 23
2018/3/21, 35, 9, 18
2018/3/22, 32, 8, 12
2018/3/23, 30, 18, 15
2018/3/24, 46, 9, 14
2018/3/25, 27, 13, 19
2018/3/26, 33, 13, 12
2018/3/27, 17, 11, 10
2018/3/28, 16, 9, 12
2018/3/29, 17, 17, 19
2018/3/30, 24, 12, 15
2018/3/31, 24, 8, 11
2017/10/1, 11, 8, 11
2017/10/2, 30, 10, 7
2017/10/3, 32, 8, 11
2017/10/4, 23, 4, 14
2017/10/5, 13, 7, 6
2017/10/6, 19, 5, 12
2017/10/7, 16, 4, 15
2017/10/8, 14, 9, 20
2017/10/9, 23, 7, 15
2017/10/10, 20, 5, 12
2017/10/11, 20, 9, 15
2017/10/12, 26, 9, 8
2017/10/13, 31, 15, 15
2017/10/14, 49, 16, 6
2017/10/15, 51, 8, 18
2017/10/16, 25, 11, 11
2017/10/17, 37, 8, 20
2017/10/18, 25, 5, 11
2017/10/19, 7, 4, 8
2017/10/20, 11, 1, 5
2017/10/21, 3, 1, 8
2017/10/22, 4, 11, 12
2017/10/23, 13, 4, 11
2017/10/24, 14, 9, 16
2017/10/25, 30, 7, 10
2017/10/26, 22, 7, 7
2017/10/27, 21, 8, 5
2017/10/28, 26, 5, 6
2017/10/29, 15, 11, 18
2017/10/30, 30, 11, 18
2017/10/31, 35, 7, 12
2017/11/1, 24, 8, 9
2017/11/2, 24, 11, 18
2017/11/3, 28, 6, 11
2017/11/4, 23, 4, 14
2017/11/5, 16, 8, 21
2017/11/6, 25, 9, 7
2017/11/7, 28, 8, 10
2017/11/8, 30, 9, 10
2017/11/9, 27, 7, 14
2017/11/10, 23, 10, 17
2017/11/11, 33, 4, 12
2017/11/12, 17, 11, 15
2017/11/13, 30, 10, 19
2017/11/14, 31, 16, 19
2017/11/15, 41, 8, 11
2017/11/16, 26, 9, 11
2017/11/17, 29, 7, 9
2017/11/18, 23, 5, 7
2017/11/19, 17, 14, 27
2017/11/20, 45, 18, 24
2017/11/21, 39, , 
2017/11/23, 20, 10, 15
2017/11/24, 23, 6, 12
2017/11/25, 22, 7, 9
2017/11/26, 23, 3, 15
2017/11/27, 11, 8, 11
2017/11/28, 9, 23, 26
2017/11/29, 53, 27, 28
2017/11/30, 48, 20, 29
2017/12/1, 54, 10, 20
2017/12/2, 34, 10, 6
2017/12/3, 35, 9, 17
2017/12/4, 30, 8, 11
2017/12/5, 29, 7, 12
2017/12/6, 26, 11, 7
2017/12/7, 42, 10, 5
2017/12/8, 33, 8, 10
2017/12/9, 29, 7, 15
2017/12/10, 27, 13, 27
2017/12/11, 39, 26, 35
2017/12/12, 74, 9, 16
2017/12/13, 29, 9, 23
2017/12/14, 32, 15, 19
2017/12/15, 52, 15, 27
2017/12/16, 52, 17, 18
2017/12/17, 56, 23, 35
2017/12/18, 60, 8, 24
2017/12/19, 30, 5, 14
2017/12/20, 20, 10, 17
2017/12/21, 31, 10, 16
2017/12/22, 34, 8, 7
2017/12/23, 31, 8, 13
2017/12/24, 30, 4, 9
2017/12/25, 15, 5, 5
2017/12/26, 19, 6, 11
2017/12/27, 22, 14, 23
2017/12/28, 44, 14, 22
2017/12/29, 46, 5, 10
2017/12/30, 18, , 
2017/7/1, 44, 10, 6
2017/7/2, 33, 6, 13
2017/7/3, 21, 6, 5
2017/7/4, 18, 5, 4
2017/7/5, 15, 6, 9
2017/7/6, 16, 3, 12
2017/7/7, 10, 5, 4
2017/7/8, 17, 6, 8
2017/7/9, 23, 5, 8
2017/7/10, 18, 5, 6
2017/7/11, 20, 6, 3
2017/7/12, 18, 6, 8
2017/7/13, 18, 8, 12
2017/7/14, 26, 11, 9
2017/7/15, 40, 7, 5
2017/7/16, 19, 12, 7
2017/7/17, 28, 5, 4
2017/7/18, 18, 10, 11
2017/7/19, 33, 8, 11
2017/7/20, 29, 5, 11
2017/7/21, 22, 7, 13
2017/7/22, 26, 7, 12
2017/7/23, 23, 10, 17
2017/7/24, 34, 12, 8
2017/7/25, 47, 13, 10
2017/7/26, 47, 8, 9
2017/7/27, 26, 6, 10
2017/7/28, 18, 5, 7
2017/7/29, 17, 5, 10
2017/7/30, 17, 6, 9
2017/7/31, 21, 10, 10
2017/8/1, 27, 8, 11
2017/8/2, 22, 4, 10
2017/8/3, 11, 6, 11
2017/8/4, 19, 7, 8
2017/8/5, 24, 6, 6
2017/8/6, 17, 5, 13
2017/8/7, 16, 6, 9
2017/8/8, 17, 7, 15
2017/8/9, 23, 7, 8
2017/8/10, 22, 8, 8
2017/8/11, 26, 6, 5
2017/8/12, 19, 6, 8
2017/8/13, 15, 6, 12
2017/8/14, 16, 9, 10
2017/8/15, 27, 8, 13
2017/8/16, 22, 5, 8
2017/8/17, 19, 9, 11
2017/8/18, 28, 6, 6
2017/8/19, 19, 5, 6
2017/8/20, 18, 5, 5
2017/8/21, 15, 7, 10
2017/8/22, 23, 10, 16
2017/8/23, 30, 7, 18
2017/8/24, 27, 10, 15
2017/8/25, 31, 5, 15
2017/8/26, 20, 7, 13
2017/8/27, 28, 8, 8
2017/8/28, 28, 7, 12
2017/8/29, 23, 13, 17
2017/8/30, 32, 7, 10
2017/8/31, 21, 4, 8
2017/9/1, 12, 5, 7
2017/9/2, 15, 6, 13
2017/9/3, 19, 5, 9
2017/9/4, 11, 5, 8
2017/9/5, 17, 2, 3
2017/9/6, 5, , 
2017/9/11, 15, 4, 14
2017/9/12, 13, 4, 13
2017/9/13, 13, 4, 6
2017/9/14, 11, 5, 12
2017/9/15, 16, 6, 13
2017/9/16, 21, 6, 12
2017/9/17, 18, 7, 15
2017/9/18, 21, 2, 10
2017/9/19, 8, 3, 13
2017/9/20, 11, 2, 11
2017/9/21, 7, 5, 8
2017/9/22, 12, 7, 13
2017/9/23, 24, 6, 13
2017/9/24, 20, 17, 15
2017/9/25, 43, 17, 14
2017/9/26, 38, 15, 12
2017/9/27, 43, 18, 6
2017/9/28, 51, 9, 7
2017/9/29, 30, 4, 13
2017/9/30, 14, 3, 5
2017/4/1, 55, 12, 9
2017/4/2, 43, 16, 14
2017/4/3, 34, 14, 12
2017/4/4, 35, 14, 8
2017/4/5, 40, 8, 13
2017/4/6, 28, 4, 10
2017/4/7, 14, 9, 12
2017/4/8, 28, 26, 8
2017/4/9, 75, 13, 5
2017/4/10, 34, 8, 10
2017/4/11, 19, 10, 10
2017/4/12, 32, 9, 5
2017/4/13, 21, 7, 9
2017/4/14, 17, 4, 7
2017/4/15, 12, 4, 6
2017/4/16, 16, 6, 13
2017/4/17, 21, 16, 15
2017/4/18, 31, 22, 21
2017/4/19, 46, 13, 
2017/4/20, 45, 13, 
2017/4/21, 38, 8, 
2017/4/22, 23, 6, 
2017/4/23, 16, 7, 
2017/4/24, 16, 6, 
2017/4/25, 11, 9, 
2017/4/26, 18, 10, 
2017/4/27, 17, 7, 
2017/4/28, 11, 9, 
2017/4/29, 21, 11, 
2017/4/30, 35, 7, 
2017/5/1, 23, 19, 
2017/5/2, 31, 21, 
2017/5/3, 36, 16, 
2017/5/4, 31, 18, 
2017/5/5, 32, 20, 
2017/5/6, 47, 16, 
2017/5/7, 54, 22, 
2017/5/8, 42, 6, 
2017/5/9, 13, 6, 
2017/5/10, 11, 12, 
2017/5/11, 22, 7, 
2017/5/12, 14, 7, 
2017/5/13, 19, 9, 
2017/5/14, 32, 16, 
2017/5/15, 38, 2, 13
2017/5/16, 9, 10, 13
2017/5/17, 36, 7, 14
2017/5/18, 28, 11, 10
2017/5/19, 42, , 16
2017/6/2, 24, 11, 11
2017/6/3, 39, 9, 11
2017/6/4, 34, 9, 6
2017/6/5, 28, 9, 10
2017/6/6, 25, 9, 16
2017/6/7, 20, 7, 16
2017/6/8, 19, 9, 13
2017/6/9, 25, 10, 10
2017/6/10, 36, 8, 5
2017/6/11, 27, 12, 11
2017/6/12, 41, 8, 7
2017/6/13, 24, 12, 13
2017/6/14, 37, 11, 11
2017/6/15, 32, 13, 5
2017/6/16, 42, 12, 10
2017/6/17, 41, 7, 7
2017/6/18, 27, 8, 11
2017/6/19, 19, 8, 5
2017/6/20, 17, 6, 6
2017/6/21, 14, 9, 16
2017/6/22, 33, 9, 17
2017/6/23, 34, 9, 10
2017/6/24, 26, 9, 6
2017/6/25, 29, 9, 3
2017/6/26, 26, 7, 7
2017/6/27, 17, 13, 14
2017/6/28, 26, 11, 15
2017/6/29, 20, 6, 11
2017/6/30, 13, 13, 8
2017/1/2, 35, 11, 11
2017/1/3, 36, 8, 8
2017/1/4, 23, 46, 9
2017/1/5, 46, 5, 8
2017/1/6, 20, 20, 17
2017/1/7, 58, 17, 20
2017/1/8, 55, 4, 8
2017/1/9, 18, 8, 11
2017/1/10, 27, 8, 7
2017/1/11, 27, 14, 11
2017/1/12, 41, 5, 12
2017/1/13, 18, 5, 4
2017/1/14, 16, 13, 10
2017/1/15, 41, 25, 15
2017/1/16, 75, 6, 5
2017/1/17, 24, 8, 12
2017/1/18, 27, 8, 9
2017/1/19, 27, 13, 9
2017/1/20, 41, 14, 6
2017/1/21, 48, 11, 6
2017/1/22, 41, 12, 9
2017/1/23, 41, 15, 8
2017/1/24, 52, 23, 5
2017/1/25, 73, 23, 7
2017/1/26, 63, 32, 21
2017/1/27, 65, 26, 9
2017/1/28, 60, 6, 7
2017/1/29, 24, 11, 26
2017/1/30, 32, 28, 20
2017/1/31, 37, 25, 12
2017/2/1, 48, 28, 12
2017/2/2, 45, 8, 11
2017/2/3, 17, 6, 7
2017/2/4, 14, 8, 14
2017/2/5, 21, 17, 10
2017/2/6, 21, 19, 9
2017/2/7, 24, 35, 18
2017/2/8, 38, 32, 17
2017/2/9, 36, 21, 14
2017/2/10, 25, 43, 30
2017/2/11, 73, 85, 30
2017/2/12, 92, 39, 29
2017/2/13, 81, 47, 37
2017/2/14, 104, 49, 45
2017/2/15, 91, 30, 23
2017/2/16, 85, 14, 15
2017/2/17, 46, 12, 17
2017/2/18, 47, 6, 14
2017/2/19, 24, 5, 15
2017/2/20, 18, 16, 11
2017/2/21, 39, 12, 10
2017/2/22, 40, 20, 12
2017/2/23, 27, 18, 22
2017/2/24, 35, 9, 10
2017/2/25, 28, 10, 13
2017/2/26, 35, 19, 11
2017/2/27, 33, 5, 15
2017/2/28, 9, 13, 24
2017/3/1, 29, 5, 14
2017/3/2, 20, 8, 16
2017/3/3, 28, 14, 12
2017/3/4, 17, 7, 6
2017/3/5, 11, 34, 16
2017/3/6, 36, 40, 18
2017/3/7, 48, 23, 12
2017/3/8, 37, 14, 16
2017/3/9, 43, 30, 23
2017/3/10, 48, 13, 12
2017/3/11, 32, 10, 6
2017/3/12, 24, 19, 14
2017/3/13, 57, 23, 13
2017/3/14, 55, 25, 15
2017/3/15, 56, 11, 14
2017/3/16, 38, 16, 14
2017/3/17, 36, 10, 12
2017/3/18, 24, 12, 11
2017/3/19, 23, 11, 12
2017/3/20, 30, 7, 19
2017/3/21, 24, 14, 14
2017/3/22, 25, 23, 19
2017/3/23, 34, 17, 24
2017/3/24, 43, 14, 12
2017/3/25, 47, 8, 12
2017/3/26, 27, 11, 16
2017/3/27, 39, 22, 15
2017/3/28, 51, 26, 16
2017/3/29, 39, 6, 11
2017/3/30, 18, 13, 14
2017/3/31, 43, 19, 9
2016/10/1, 23, 5, 11
2016/10/2, 18, 10, 24
2016/10/3, 26, 20, 29
2016/10/4, 38, 19, 21
2016/10/5, 27, 18, 26
2016/10/6, 35, 18, 27
2016/10/7, 45, 12, 20
2016/10/8, 34, 7, 14
2016/10/9, 22, 4, 10
2016/10/10, 10, 16, 20
2016/10/11, 36, 12, 14
2016/10/12, 25, 6, 10
2016/10/13, 14, 17, 23
2016/10/14, 38, 12, 17
2016/10/15, 24, 3, 3
2016/10/16, 9, 3, 6
2016/10/17, 7, 3, 12
2016/10/18, 10, 9, 17
2016/10/19, 21, 16, 23
2016/10/20, 33, 23, 23
2016/10/21, 45, 10, 13
2016/10/22, 36, 2, 7
2016/10/23, 7, 19, 20
2016/10/24, 35, 17, 20
2016/10/25, 37, 12, 11
2016/10/26, 42, 14, 16
2016/10/27, 44, 12, 9
2016/10/28, 35, 13, 9
2016/10/29, 37, 14, 22
2016/10/30, 43, 11, 18
2016/10/31, 40, 5, 7
2016/11/1, 17, 19, 18
2016/11/2, 38, 12, 19
2016/11/3, 29, 6, 10
2016/11/4, 8, 5, 8
2016/11/5, 6, 13, 13
2016/11/6, 23, 22, 17
2016/11/7, 31, 47, 26
2016/11/8, 56, 22, 14
2016/11/9, 32, 24, 15
2016/11/10, 28, 27, 20
2016/11/11, 49, 7, 6
2016/11/12, 28, 11, 10
2016/11/13, 36, 4, 15
2016/11/14, 16, 15, 16
2016/11/15, 40, 10, 15
2016/11/16, 34, 8, 18
2016/11/17, 22, 7, 24
2016/11/18, 24, 5, 15
2016/11/19, 21, 3, 13
2016/11/20, 12, 7, 20
2016/11/21, 22, 6, 11
2016/11/22, 24, 10, 10
2016/11/23, 28, 10, 19
2016/11/24, 32, 11, 20
2016/11/25, 33, 10, 5
2016/11/26, 31, 16, 13
2016/11/27, 30, 40, 31
2016/11/28, 78, 13, 22
2016/11/29, 41, 12, 23
2016/11/30, 37, 8, 7
2016/12/1, 24, 23, 21
2016/12/2, 44, 26, 31
2016/12/3, 79, 10, 14
2016/12/4, 33, 8, 9
2016/12/5, 26, 14, 25
2016/12/6, 43, 10, 13
2016/12/7, 36, 22, 19
2016/12/8, 62, 13, 19
2016/12/9, 43, 18, 19
2016/12/10, 56, 11, 20
2016/12/11, 39, 9, 10
2016/12/12, 19, 15, 18
2016/12/13, 49, 38, 30
2016/12/14, 44, 3, 10
2016/12/15, 10, 38, 11
2016/12/16, 41, 10, 13
2016/12/17, 35, 14, 25
2016/12/18, 49, 9, 18
2016/12/19, 34, 15, 9
2016/12/20, 51, 13, 12
2016/12/21, 46, 18, 12
2016/12/22, 37, 9, 12
2016/12/23, 31, 11, 6
2016/12/24, 35, 11, 5
2016/12/25, 37, 14, 3
2016/12/26, 43, 20, 14
2016/12/27, 53, 16, 18
2016/12/28, 48, 14, 11
2016/12/29, 50, 22, 10
2016/12/30, 64, 21, 9
2016/12/31, 58, 6, 8
2017/1/1, 23, 11, 19
2016/7/1, 22, 5, 8
2016/7/2, 15, 3, 7
2016/7/3, 11, 9, 13
2016/7/4, 21, 8, 7
2016/7/5, 24, 5, 4
2016/7/6, 12, 10, 12
2016/7/7, 23, 13, 12
2016/7/8, 36, 8, 8
2016/7/9, 26, 6, 6
2016/7/10, 21, 11, 8
2016/7/11, 38, 9, 13
2016/7/12, 31, 5, 10
2016/7/13, 18, 6, 5
2016/7/14, 20, 5, 6
2016/7/15, 14, 8, 8
2016/7/16, 25, 5, 8
2016/7/17, 15, 5, 10
2016/7/18, 19, 6, 11
2016/7/19, 23, 7, 12
2016/7/20, 19, 7, 7
2016/7/21, 20, 13, 12
2016/7/22, 47, 11, 12
2016/7/23, 40, 11, 11
2016/7/24, 41, 11, 11
2016/7/25, 39, 5, 8
2016/7/26, 16, 4, 9
2016/7/27, 16, 5, 10
2016/7/28, 16, 4, 13
2016/7/29, 17, 4, 10
2016/7/30, 14, 4, 8
2016/7/31, 14, 6, 10
2016/8/1, 18, 5, 10
2016/8/2, 18, 5, 13
2016/8/3, 17, 7, 14
2016/8/4, 26, 9, 10
2016/8/5, 32, 4, 3
2016/8/6, 11, 5, 9
2016/8/7, 17, 10, 8
2016/8/8, 35, 11, 2
2016/8/9, 31, 7, 3
2016/8/10, 19, 7, 13
2016/8/11, 15, 5, 10
2016/8/12, 18, 6, 6
2016/8/13, 22, 5, 4
2016/8/14, 20, 6, 6
2016/8/15, 22, 14, 13
2016/8/16, 47, 11, 9
2016/8/17, 44, 11, 11
2016/8/18, 39, 13, 16
2016/8/19, 42, 8, 13
2016/8/20, 25, 7, 8
2016/8/21, 20, 7, 11
2016/8/22, 24, 9, 15
2016/8/23, 28, 16, 11
2016/8/24, 43, 21, 18
2016/8/25, 68, 10, 20
2016/8/26, 35, 7, 13
2016/8/27, 21, 4, 12
2016/8/28, 15, 4, 8
2016/8/29, 13, 10, 18
2016/8/30, 34, 12, 12
2016/8/31, 43, 12, 16
2016/9/1, 26, 6, 14
2016/9/2, 21, 6, 14
2016/9/3, 19, 4, 10
2016/9/4, 14, 11, 13
2016/9/5, 21, 10, 10
2016/9/6, 34, 14, 15
2016/9/7, 47, 12, 10
2016/9/8, 40, 12, 9
2016/9/9, 33, 9, 11
2016/9/10, 33, 8, 9
2016/9/11, 22, 7, 6
2016/9/12, 22, 15, 17
2016/9/13, 43, 29, 28
2016/9/14, 73, 32, 29
2016/9/15, 76, 23, 21
2016/9/16, 64, 8, 11
2016/9/17, 27, 5, 8
2016/9/18, 15, 10, 16
2016/9/19, 26, 18, 18
2016/9/20, 51, 15, 17
2016/9/21, 39, 15, 17
2016/9/22, 32, 12, 13
2016/9/23, 32, 7, 5
2016/9/24, 22, 13, 4
2016/9/25, 45, 10, 12
2016/9/26, 24, 7, 7
2016/9/27, 21, 12, 12
2016/9/28, 36, 13, 7
2016/9/29, 41, 10, 14
2016/9/30, 26, 7, 17
2016/4/1, 56, 7, 10
2016/4/2, 28, 12, 12
2016/4/3, 32, 30, 21
2016/4/4, 64, 23, 10
2016/4/5, 45, 12, 19
2016/4/6, 41, 9, 15
2016/4/7, 26, 19, 8
2016/4/8, 41, 16, 17
2016/4/9, 34, 11, 14
2016/4/10, 25, 24, 18
2016/4/11, 38, 34, 24
2016/4/12, 52, 24, 23
2016/4/13, 40, 38, 21
2016/4/14, 70, 20, 13
2016/4/15, 43, 8, 8
2016/4/16, 22, 8, 5
2016/4/17, 22, 19, 14
2016/4/18, 44, 13, 5
2016/4/19, 34, 20, 9
2016/4/20, 40, 17, 11
2016/4/21, 39, 11, 5
2016/4/22, 25, 4, 8
2016/4/23, 12, 3, 8
2016/4/24, 8, 28, 17
2016/4/25, 33, 21, 12
2016/4/26, 25, 28, 14
2016/4/27, 31, 32, 24
2016/4/28, 51, 23, 18
2016/4/29, 38, 8, 
2016/4/30, 15, 6, 
2016/5/1, 19, 3, 
2016/5/2, 14, 19, 
2016/5/3, 35, 22, 
2016/5/4, 39, 15, 
2016/5/5, 44, 15, 
2016/5/6, 40, 14, 
2016/5/7, 41, 18, 
2016/5/8, 48, 34, 
2016/5/9, 55, 25, 
2016/5/10, 52, 26, 
2016/5/11, 51, 24, 
2016/5/12, 44, 12, 
2016/5/13, 26, 7, 
2016/5/14, 19, 6, 
2016/5/15, 18, 5, 
2016/5/16, 14, 3, 
2016/5/17, 9, 13, 
2016/5/18, 43, 14, 
2016/5/19, 35, 15, 
2016/5/20, 53, 8, 
2016/5/21, 27, 7, 
2016/5/22, 28, 10, 
2016/5/23, 37, 6, 
2016/5/24, 17, , 14
2016/6/2, 63, 23, 19
2016/6/3, 58, 23, 14
2016/6/4, 61, 19, 9
2016/6/5, 55, 19, 17
2016/6/6, 50, 12, 14
2016/6/7, 41, 12, 7
2016/6/8, 35, 15, 8
2016/6/9, 40, 9, 7
2016/6/10, 27, 10, 13
2016/6/11, 32, 7, 10
2016/6/12, 26, 10, 13
2016/6/13, 21, 16, 19
2016/6/14, 29, 11, 21
2016/6/15, 29, 9, 20
2016/6/16, 33, 16, 13
2016/6/17, 53, 19, 6
2016/6/18, 52, 5, 3
2016/6/19, 16, 6, 13
2016/6/20, 21, 15, 15
2016/6/21, 36, 18, 11
2016/6/22, 36, 17, 16
2016/6/23, 47, 15, 17
2016/6/24, 48, 7, 10
2016/6/25, 25, 9, 9
2016/6/26, 39, 9, 13
2016/6/27, 27, 13, 14
2016/6/28, 25, 9, 14
2016/6/29, 23, 9, 10
2016/6/30, 24, 7, 11
2016/1/4, 29, 29, 14
2016/1/5, 31, 27, 14
2016/1/6, 31, 28, 11
2016/1/7, 37, 35, 16
2016/1/8, 46, 18, 8
2016/1/9, 34, 5, 6
2016/1/10, 15, 5, 14
2016/1/11, 18, 31, 39
2016/1/12, 75, 7, 10
2016/1/13, 29, 11, 21
2016/1/14, 33, 11, 16
2016/1/15, 37, 22, 22
2016/1/16, 53, 52, 51
2016/1/17, 127, 25, 35
2016/1/18, 71, 28, 50
2016/1/19, 71, 40, 58
2016/1/20, 98, 28, 44
2016/1/21, 80, 12, 8
2016/1/22, 41, 14, 12
2016/1/23, 47, 14, 11
2016/1/24, 46, 10, 10
2016/1/25, 39, 15, 15
2016/1/26, 47, 11, 20
2016/1/27, 35, 17, 14
2016/1/28, 40, 16, 10
2016/1/29, 50, 15, 9
2016/1/30, 44, 13, 10
2016/1/31, 35, 12, 15
2016/2/1, 37, 17, 9
2016/2/2, 54, 9, 11
2016/2/3, 28, 14, 19
2016/2/4, 43, 10, 17
2016/2/5, 34, 9, 12
2016/2/6, 28, 10, 5
2016/2/7, 40, 9, 11
2016/2/8, 33, 10, 21
2016/2/9, 33, 18, 24
2016/2/10, 44, 54, 26
2016/2/11, 59, 33, 17
2016/2/12, 33, 50, 21
2016/2/13, 54, 32, 15
2016/2/14, 37, 46, 29
2016/2/15, 71, 29, 16
2016/2/16, 49, 19, 6
2016/2/17, 51, 32, 10
2016/2/18, 62, 9, 10
2016/2/19, 29, 8, 13
2016/2/20, 27, 12, 10
2016/2/21, 36, 12, 20
2016/2/22, 36, 10, 8
2016/2/23, 28, 7, 13
2016/2/24, 24, 8, 15
2016/2/25, 24, 24, 21
2016/2/26, 45, 19, 23
2016/2/27, 46, 15, 18
2016/2/28, 41, 33, 24
2016/2/29, 47, 16, 6
2016/3/1, 33, 7, 17
2016/3/2, 24, 15, 23
2016/3/3, 34, 48, 23
2016/3/4, 65, 33, 25
2016/3/5, 52, 26, 14
2016/3/6, 32, 36, 17
2016/3/7, 42, 43, 24
2016/3/8, 58, 36, 15
2016/3/9, 45, 71, 27
2016/3/10, 103, 54, 25
2016/3/11, 96, 26, 9
2016/3/12, 73, 44, 15
2016/3/13, 111, 35, 23
2016/3/14, 91, 46, 25
2016/3/15, 76, 40, 21
2016/3/16, 63, 34, 19
2016/3/17, 66, 14, 8
2016/3/18, 37, 7, 4
2016/3/19, 22, 9, 6
2016/3/20, 32, 10, 10
2016/3/21, 35, 12, 8
2016/3/22, 34, 15, 11
2016/3/23, 26, 12, 9
2016/3/24, 41, 18, 8
2016/3/25, 43, 13, 4
2016/3/26, 44, 13, 3
2016/3/27, 45, 6, 4
2016/3/28, 24, 10, 15
2016/3/29, 30, 41, 24
2016/3/30, 57, 21, 11
2016/3/31, 29, 34, 19
2015/10/1, 30, 21, 17
2015/10/2, 38, 11, 18
2015/10/3, 24, 14, 17
2015/10/4, 38, 27, 22
2015/10/5, 47, 13, 7
2015/10/6, 22, 11, 8
2015/10/7, 24, 11, 9
2015/10/8, 24, 9, 17
2015/10/9, 26, 13, 12
2015/10/10, 35, 10, 14
2015/10/11, 29, 11, 14
2015/10/12, 24, 25, 26
2015/10/13, 35, 31, 27
2015/10/14, 47, 35, 26
2015/10/15, 50, 45, 27
2015/10/16, 60, 32, 27
2015/10/17, 54, 20, 21
2015/10/18, 45, 18, 24
2015/10/19, 40, 20, 26
2015/10/20, 37, 13, 18
2015/10/21, 27, 22, 12
2015/10/22, 38, 26, 14
2015/10/23, 41, 16, 7
2015/10/24, 31, 16, 13
2015/10/25, 33, 22, 14
2015/10/26, 33, 30, 24
2015/10/27, 44, 29, 26
2015/10/28, 39, 16, 13
2015/10/29, 30, 19, 9
2015/10/30, 46, 20, 6
2015/10/31, 50, 20, 12
2015/11/1, 44, 28, 18
2015/11/2, 44, 12, 15
2015/11/3, 34, , 26
2015/11/4, 53, , 18
2015/11/5, 36, , 13
2015/11/6, 20, , 16
2015/11/7, 38, , 7
2015/11/8, 21, , 13
2015/11/9, 42, , 21
2015/11/10, 46, , 20
2015/11/11, 37, , 16
2015/11/12, 38, , 19
2015/11/13, 39, , 11
2015/11/14, 40, , 18
2015/11/15, 36, , 13
2015/11/16, 32, , 14
2015/11/17, 39, , 26
2015/11/18, 34, , 24
2015/11/19, 45, , 25
2015/11/20, 43, , 12
2015/11/21, 22, , 27
2015/11/22, 64, , 23
2015/11/23, 37, , 26
2015/11/24, 32, , 15
2015/12/2, 56, 23, 26
2015/12/3, 52, 9, 13
2015/12/4, 28, 13, 8
2015/12/5, 46, 12, 8
2015/12/6, 38, 28, 18
2015/12/7, 49, 9, 7
2015/12/8, 29, 14, 14
2015/12/9, 44, 17, 13
2015/12/10, 45, 12, 24
2015/12/11, 33, 62, 46
2015/12/12, 158, 26, 33
2015/12/13, 74, 9, 28
2015/12/14, 31, 12, 31
2015/12/15, 42, 6, 16
2015/12/16, 21, 10, 13
2015/12/17, 33, 22, 15
2015/12/18, 63, 12, 8
2015/12/19, 45, 18, 6
2015/12/20, 56, 16, 12
2015/12/21, 49, 17, 12
2015/12/22, 49, 17, 11
2015/12/23, 49, 12, 3
2015/12/24, 40, 12, 8
2015/12/25, 37, 8, 14
2015/12/26, 18, 9, 11
2015/12/27, 23, 9, 19
2015/12/28, 25, 10, 4
2015/12/29, 16, 10, 4
2015/12/30, 37, , 
2015/7/1, 39, , 11
2015/7/2, 34, 18, 13
2015/7/3, 52, 14, 11
2015/7/4, 44, 13, 11
2015/7/5, 32, 14, 14
2015/7/6, 29, 15, 12
2015/7/7, 25, 12, 9
2015/7/8, 26, 18, 3
2015/7/9, 35, 11, 4
2015/7/10, 20, 11, 12
2015/7/11, 26, 13, 13
2015/7/12, 38, 10, 7
2015/7/13, 23, 9, 5
2015/7/14, 23, 10, 5
2015/7/15, 23, 9, 4
2015/7/16, 20, 10, 12
2015/7/17, 18, 16, 7
2015/7/18, 32, 13, 9
2015/7/19, 30, 10, 11
2015/7/20, 26, 14, 10
2015/7/21, 33, 18, 8
2015/7/22, 34, 18, 11
2015/7/23, 32, 20, 10
2015/7/24, 37, 11, 11
2015/7/25, 26, 14, 3
2015/7/26, 28, 13, 11
2015/7/27, 28, 14, 17
2015/7/28, 36, 14, 19
2015/7/29, 36, 15, 8
2015/7/30, 34, 9, 5
2015/7/31, 19, 14, 12
2015/8/1, 30, 13, 8
2015/8/2, 31, 16, 13
2015/8/3, 29, 17, 11
2015/8/4, 39, 21, 12
2015/8/5, 41, 18, 13
2015/8/6, 38, 23, 15
2015/8/7, 47, 11, 8
2015/8/8, 26, 16, 6
2015/8/9, 35, 15, 9
2015/8/10, 33, 18, 10
2015/8/11, 36, 12, 12
2015/8/12, 24, 16, 17
2015/8/13, 32, 15, 14
2015/8/14, 28, 13, 12
2015/8/15, 32, 11, 15
2015/8/16, 36, 16, 24
2015/8/17, 37, 18, 16
2015/8/18, 34, 19, 9
2015/8/19, 45, 30, 17
2015/8/20, 42, 25, 12
2015/8/21, 52, 25, 8
2015/8/22, 52, 24, 18
2015/8/23, 53, 20, 13
2015/8/24, 39, 17, 19
2015/8/25, 23, 15, 9
2015/8/26, 25, 23, 14
2015/8/27, 33, 17, 11
2015/8/28, 31, 20, 9
2015/8/29, 34, 16, 10
2015/8/30, 34, 12, 14
2015/8/31, 30, 11, 15
2015/9/1, 28, 9, 14
2015/9/2, 17, 17, 17
2015/9/3, 25, 21, 19
2015/9/4, 30, 8, 4
2015/9/5, 20, 10, 4
2015/9/6, 23, 11, 7
2015/9/7, 25, 14, 12
2015/9/8, 30, 27, 20
2015/9/9, 46, 25, 20
2015/9/10, 44, 21, 19
2015/9/11, 36, 12, 7
2015/9/12, 27, 11, 11
2015/9/13, 34, 14, 11
2015/9/14, 27, 11, 17
2015/9/15, 28, 18, 17
2015/9/16, 28, 9, 13
2015/9/17, 22, 19, 7
2015/9/18, 38, 10, 4
2015/9/19, 24, 7, 5
2015/9/20, 16, 17, 19
2015/9/21, 24, 15, 27
2015/9/22, 35, 29, 19
2015/9/23, 44, 10, 12
2015/9/24, 24, 15, 16
2015/9/25, 33, 11, 10
2015/9/26, 27, 10, 9
2015/9/27, 25, 23, 18
2015/9/28, 39, 25, 19
2015/9/29, 36, 25, 23
2015/9/30, 44, 13, 15
2015/4/1, 38, 15, 8
2015/4/2, 34, 13, 4
2015/4/3, 28, 17, 11
2015/4/4, 29, 17, 17
2015/4/5, 34, 17, 13
2015/4/6, 33, 25, 10
2015/4/7, 43, 36, 13
2015/4/8, 58, 38, 17
2015/4/9, 51, 41, 16
2015/4/10, 57, 26, 11
2015/4/11, 53, 27, 12
2015/4/12, 47, 21, 9
2015/4/13, 44, 22, 17
2015/4/14, 45, 19, 15
2015/4/15, 42, 19, 8
2015/4/16, 38, 21, 13
2015/4/17, 37, 20, 13
2015/4/18, 35, 12, 13
2015/4/19, 27, 38, 24
2015/4/20, 53, 14, 9
2015/4/21, 32, 17, 11
2015/4/22, 37, 17, 12
2015/4/23, 31, 33, 17
2015/4/24, 53, 13, 13
2015/4/25, 34, 19, 12
2015/4/26, 37, 25, 18
2015/4/27, 42, 19, 18
2015/4/28, 35, 19, 16
2015/4/29, 33, 10, 18
2015/4/30, 33, 8, 9
2015/5/1, 24, 14, 8
2015/5/2, 35, 15, 14
2015/5/3, 31, 23, 14
2015/5/4, 40, 17, 16
2015/5/5, 28, 30, 10
2015/5/6, 58, 20, 15
2015/5/7, 44, 20, 15
2015/5/8, 42, 13, 16
2015/5/9, 27, 14, 10
2015/5/10, 37, 16, 14
2015/5/11, 47, 32, 15
2015/5/12, 59, 16, 9
2015/5/13, 41, 14, 6
2015/5/14, 36, 21, 17
2015/5/15, 43, 19, 9
2015/5/16, 42, 12, 14
2015/5/17, 28, 12, 13
2015/5/18, 23, 10, 15
2015/5/19, 29, 19, 16
2015/5/20, 39, 26, 25
2015/5/21, 51, 14, 18
2015/5/22, 39, 19, 6
2015/5/23, 44, 13, 11
2015/5/24, 34, 11, 10
2015/5/25, 29, 16, 7
2015/5/26, 38, 21, 12
2015/5/27, 35, 10, 17
2015/5/28, 19, 13, 12
2015/5/29, 22, , 
2015/6/2, 42, 25, 13
2015/6/3, 52, 19, 12
2015/6/4, 38, 17, 
2015/6/5, 33, 23, 
2015/6/6, 51, 25, 
2015/6/7, 53, 13, 
2015/6/8, 29, 12, 
2015/6/9, 27, 17, 
2015/6/10, 37, 16, 
2015/6/11, 38, 19, 
2015/6/12, 42, 10, 
2015/6/13, 26, 9, 
2015/6/14, 22, 11, 
2015/6/15, 24, , 
2015/6/17, 41, 11, 
2015/6/18, 29, 12, 
2015/6/19, 30, 14, 
2015/6/20, 37, 11, 
2015/6/21, 28, 13, 
2015/6/22, 31, 21, 
2015/6/23, 46, 13, 
2015/6/24, 29, 12, 
2015/6/25, 26, 14, 
2015/6/26, 32, 16, 
2015/6/27, 39, 11, 
2015/6/28, 32, 15, 12
2015/6/29, 42, 20, 16
2015/6/30, 30, , 18
2015/1/1, 54, 20, 7
2015/1/2, 45, 19, 11
2015/1/3, 50, 11, 17
2015/1/4, 34, 14, 22
2015/1/5, 39, 8, 8
2015/1/6, 74, 14, 18
2015/1/7, 29, 24, 21
2015/1/8, 49, 12, 17
2015/1/9, 33, 31, 8
2015/1/10, 66, 21, 8
2015/1/11, 48, 26, 11
2015/1/12, 49, 26, 19
2015/1/13, 49, 18, 19
2015/1/14, 43, 19, 12
2015/1/15, 47, 22, 5
2015/1/16, 51, 20, 20
2015/1/17, 52, 23, 31
2015/1/18, 57, 10, 37
2015/1/19, 52, 7, 19
2015/1/20, 60, 28, 15
2015/1/21, 55, 63, 27
2015/1/22, 83, 13, 11
2015/1/23, 27, 15, 21
2015/1/24, 40, 18, 19
2015/1/25, 42, 15, 23
2015/1/26, 36, 18, 34
2015/1/27, 45, 8, 18
2015/1/28, 18, 17, 18
2015/1/29, 38, 8, 11
2015/1/30, 25, 40, 27
2015/1/31, 59, 17, 19
2015/2/1, 38, 24, 24
2015/2/2, 46, 24, 27
2015/2/3, 48, 41, 36
2015/2/4, 71, 79, 32
2015/2/5, 94, 15, 22
2015/2/6, 38, 21, 10
2015/2/7, 52, 23, 13
2015/2/8, 50, 11, 17
2015/2/9, 33, 16, 23
2015/2/10, 38, 28, 23
2015/2/11, 51, 44, 20
2015/2/12, 69, 13, 18
2015/2/13, 36, 33, 19
2015/2/14, 70, 15, 18
2015/2/15, 24, 32, 16
2015/2/16, 52, 28, 16
2015/2/17, 63, 28, 15
2015/2/18, 57, 26, 14
2015/2/19, 55, 17, 19
2015/2/20, 41, 11, 18
2015/2/21, 33, 12, 10
2015/2/22, 26, 19, 14
2015/2/23, 42, 17, 14
2015/2/24, 45, 32, 21
2015/2/25, 57, 19, 11
2015/2/26, 28, 35, 22
2015/2/27, 57, 12, 8
2015/2/28, 30, 18, 9
2015/3/1, 40, 27, 19
2015/3/2, 49, 22, 26
2015/3/3, 44, 20, 20
2015/3/4, 47, 20, 25
2015/3/5, 44, 20, 18
2015/3/6, 42, 29, 10
2015/3/7, 65, 26, 12
2015/3/8, 59, 36, 18
2015/3/9, 44, 44, 12
2015/3/10, 73, 39, 18
2015/3/11, 49, 37, 16
2015/3/12, 46, 44, 15
2015/3/13, 53, 63, 27
2015/3/14, 75, 56, 27
2015/3/15, 69, 45, 13
2015/3/16, 60, 53, 17
2015/3/17, 74, 65, 30
2015/3/18, 93, 47, 23
2015/3/19, 75, 14, 22
2015/3/20, 39, 20, 15
2015/3/21, 27, 13, 10
2015/3/22, 22, 25, 12
2015/3/23, 38, 32, 20
2015/3/24, 47, 52, 21
2015/3/25, 51, 42, 18
2015/3/26, 41, 59, 25
2015/3/27, 62, 21, 10
2015/3/28, 24, 22, 13
2015/3/29, 33, 25, 14
2015/3/30, 37, 26, 19
2015/3/31, 40, 18, 6
2014/10/1, 32, 28, 25
2014/10/2, 52, 18, 9
2014/10/3, 41, 17, 6
2014/10/4, 47, 14, 12
2014/10/5, 36, 20, 9
2014/10/6, 54, 10, 8
2014/10/7, 19, 18, 14
2014/10/8, 42, 19, 11
2014/10/9, 47, 23, 15
2014/10/10, 53, 14, 14
2014/10/11, 40, 10, 19
2014/10/12, 33, 14, 22
2014/10/13, 40, 28, 21
2014/10/14, 47, 34, 26
2014/10/15, 53, 26, 24
2014/10/16, 44, 30, 28
2014/10/17, 57, 15, 13
2014/10/18, 34, 24, 8
2014/10/19, 55, 18, 13
2014/10/20, 45, 14, 11
2014/10/21, 32, 19, 13
2014/10/22, 46, 12, 12
2014/10/23, 37, 16, 16
2014/10/24, 43, 15, 11
2014/10/25, 39, 24, 7
2014/10/26, 56, 21, 14
2014/10/27, 52, 21, 12
2014/10/28, 53, 22, 21
2014/10/29, 51, 22, 24
2014/10/30, 50, 9, 12
2014/10/31, 24, 24, 11
2014/11/1, 61, 25, 12
2014/11/2, 58, 15, 18
2014/11/3, 38, 14, 19
2014/11/4, 38, 11, 16
2014/11/5, 32, 15, 14
2014/11/6, 25, 15, 10
2014/11/7, 33, 18, 11
2014/11/8, 48, 17, 8
2014/11/9, 48, 22, 21
2014/11/10, 49, 34, 26
2014/11/11, 57, 23, 15
2014/11/12, 51, 9, 12
2014/11/13, 29, 15, 11
2014/11/14, 30, 12, 11
2014/11/15, 24, 13, 11
2014/11/16, 26, 26, 20
2014/11/17, 47, 43, 20
2014/11/18, 58, 35, 21
2014/11/19, 55, 53, 31
2014/11/20, 71, 34, 25
2014/11/21, 58, 29, 14
2014/11/22, 39, 7, 10
2014/11/23, 20, 11, 21
2014/11/24, 33, 35, 36
2014/11/25, 76, 29, 23
2014/11/26, 40, 20, 11
2014/11/27, 27, 34, 16
2014/11/28, 42, , 
2014/12/1, 54, 40, 35
2014/12/2, 90, 46, 49
2014/12/3, 99, 21, 32
2014/12/4, 48, 11, 16
2014/12/5, 29, 16, 20
2014/12/6, 37, 10, 15
2014/12/7, 25, 19, 26
2014/12/8, 49, 16, 22
2014/12/9, 35, 18, 18
2014/12/10, 41, 19, 19
2014/12/11, 45, 16, 19
2014/12/12, 40, 17, 14
2014/12/13, 45, 16, 9
2014/12/14, 40, 21, 15
2014/12/15, 46, 20, 16
2014/12/16, 44, 16, 20
2014/12/17, 41, 18, 25
2014/12/18, 44, 17, 15
2014/12/19, 40, 14, 11
2014/12/20, 43, 13, 18
2014/12/21, 30, 19, 17
2014/12/22, 45, 19, 14
2014/12/23, 45, 11, 16
2014/12/24, 35, 12, 15
2014/12/25, 42, 17, 24
2014/12/26, 44, 17, 26
2014/12/27, 50, 23, 25
2014/12/28, 64, , 
2014/7/1, 40, 17, 
2014/7/2, 34, 25, 
2014/7/3, 40, 18, 
2014/7/4, 35, 16, 
2014/7/5, 41, 10, 
2014/7/6, 26, 10, 
2014/7/7, 28, 13, 
2014/7/8, 31, 27, 
2014/7/9, 57, 23, 
2014/7/10, 56, 24, 
2014/7/11, 56, 19, 
2014/7/12, 45, 14, 
2014/7/13, 31, 18, 
2014/7/14, 44, 13, 
2014/7/15, 30, 14, 
2014/7/16, 28, 13, 
2014/7/17, 31, 11, 
2014/7/18, 28, 13, 
2014/7/19, 33, 12, 
2014/7/20, 27, 15, 
2014/7/21, 39, 16, 
2014/7/22, 44, 20, 
2014/7/23, 50, 18, 
2014/7/24, 47, 19, 
2014/7/25, 49, 14, 
2014/7/26, 36, 15, 
2014/7/27, 37, 16, 
2014/7/28, 37, 11, 
2014/7/29, 27, 21, 
2014/7/30, 26, 19, 
2014/7/31, 27, 20, 
2014/8/1, 36, 23, 
2014/8/2, 57, 15, 
2014/8/3, 39, 22, 
2014/8/4, 31, 19, 
2014/8/5, 31, 16, 
2014/8/6, 32, 15, 
2014/8/7, 38, 14, 13
2014/8/8, 26, 13, 11
2014/8/9, 25, 17, 7
2014/8/10, 34, 16, 5
2014/8/11, 27, 17, 5
2014/8/12, 32, 15, 10
2014/8/13, 28, 14, 10
2014/8/14, 29, 14, 4
2014/8/15, 26, 9, 5
2014/8/16, 19, 6, 2
2014/8/17, 13, 16, 11
2014/8/18, 33, 18, 3
2014/8/19, 33, 13, 3
2014/8/20, 26, 15, 13
2014/8/21, 27, 21, 19
2014/8/22, 33, 11, 12
2014/8/23, 25, 10, 6
2014/8/24, 24, 13, 3
2014/8/25, 25, 16, 11
2014/8/26, 32, 24, 17
2014/8/27, 43, 19, 15
2014/8/28, 37, 19, 18
2014/8/29, 38, 11, 11
2014/8/30, 28, 12, 10
2014/8/31, 32, 16, 12
2014/9/1, 35, 24, 16
2014/9/2, 41, 16, 15
2014/9/3, 36, 22, 17
2014/9/4, 38, 20, 17
2014/9/5, 41, 15, 16
2014/9/6, 43, 9, 12
2014/9/7, 26, 15, 8
2014/9/8, 37, 13, 6
2014/9/9, 34, 25, 8
2014/9/10, 66, 37, 19
2014/9/11, 80, 26, 15
2014/9/12, 66, , 
2014/9/15, 61, 16, 19
2014/9/16, 37, 20, 15
2014/9/17, 47, 27, 27
2014/9/18, 55, 30, 29
2014/9/19, 59, , 
2014/9/22, 36, 20, 23
2014/9/23, 47, 16, 15
2014/9/24, 43, 18, 19
2014/9/25, 25, 29, 13
2014/9/26, 47, 26, 11
2014/9/27, 45, 22, 15
2014/9/28, 44, 30, 23
2014/9/29, 52, 25, 21
2014/9/30, 48, 13, 12
2014/4/1, 43, 51, 28
2014/4/2, 39, 56, 31
2014/4/3, 48, 51, 28
2014/4/4, 43, 18, 17
2014/4/5, 31, 10, 13
2014/4/6, 29, 35, 20
2014/4/7, 36, 20, 14
2014/4/8, 28, 25, 18
2014/4/9, 38, 28, 18
2014/4/10, 29, 35, 20
2014/4/11, 31, 17, 11
2014/4/12, 22, 34, 11
2014/4/13, 39, 16, 6
2014/4/14, 27, 19, 8
2014/4/15, 23, 35, 15
2014/4/16, 31, 15, 9
2014/4/17, 24, 13, 6
2014/4/18, 26, 18, 15
2014/4/19, 26, 18, 17
2014/4/20, 29, 23, 21
2014/4/21, 44, 33, 28
2014/4/22, 50, 27, 17
2014/4/23, 35, 31, 28
2014/4/24, 35, 31, 26
2014/4/25, 38, 30, 25
2014/4/26, 46, 28, 24
2014/4/27, 46, 46, 32
2014/4/28, 54, 19, 16
2014/4/29, 34, 21, 12
2014/4/30, 24, 9, 8
2014/5/1, 20, 21, 17
2014/5/2, 30, 10, 5
2014/5/3, 20, 13, 12
2014/5/4, 21, 12, 16
2014/5/5, 25, 16, 19
2014/5/6, 31, 17, 20
2014/5/7, 36, 14, 18
2014/5/8, 19, 15, 18
2014/5/9, 27, 16, 16
2014/5/10, 28, 8, 14
2014/5/11, 20, 20, 16
2014/5/12, 41, 24, 12
2014/5/13, 36, 24, 10
2014/5/14, 38, 19, 22
2014/5/15, 35, 22, 18
2014/5/16, 36, 23, 14
2014/5/17, 47, 14, 12
2014/5/18, 32, 25, 25
2014/5/19, 50, 20, 22
2014/5/20, 46, 22, 24
2014/5/21, 48, 17, 19
2014/5/22, 38, 23, 20
2014/5/23, 37, 13, 13
2014/5/24, 31, 9, 10
2014/5/25, 21, 19, 12
2014/5/26, 32, 18, 19
2014/5/27, 34, 18, 16
2014/5/28, 33, 16, 11
2014/5/29, 36, 17, 10
2014/5/30, 38, 17, 6
2014/5/31, 35, 13, 8
2014/6/1, 30, 20, 18
2014/6/2, 42, 24, 26
2014/6/3, 49, 22, 21
2014/6/4, 39, 14, 22
2014/6/5, 27, 16, 17
2014/6/6, 36, 15, 18
2014/6/7, 37, 18, 17
2014/6/8, 41, 17, 14
2014/6/9, 37, 18, 19
2014/6/10, 32, 21, 16
2014/6/11, 46, 14, 12
2014/6/12, 27, 11, 7
2014/6/13, 22, 18, 12
2014/6/14, 36, 13, 4
2014/6/15, 26, 16, 8
2014/6/16, 30, 18, 7
2014/6/17, 32, 10, 6
2014/6/18, 20, 13, 6
2014/6/19, 24, 11, 6
2014/6/20, 19, 8, 5
2014/6/21, 19, 12, 5
2014/6/22, 25, 11, 8
2014/6/23, 21, 17, 14
2014/6/24, 33, 26, 21
2014/6/25, 40, 19, 19
2014/6/26, 28, 20, 18
2014/6/27, 30, 12, 
2014/6/28, 25, 18, 
2014/6/29, 37, 20, 
2014/6/30, 33, 20, 
2014/1/1, 17, 10, 10
2014/1/2, 24, 13, 10
2014/1/3, 26, 23, 11
2014/1/4, 41, 7, 9
2014/1/5, 23, 18, 15
2014/1/6, 32, 36, 22
2014/1/7, 54, 27, 24
2014/1/8, 45, 13, 25
2014/1/9, 30, 21, 31
2014/1/10, 47, 13, 22
2014/1/11, 26, 17, 17
2014/1/12, 32, 18, 19
2014/1/13, 20, 17, 22
2014/1/14, 30, 24, 19
2014/1/15, 24, 27, 11
2014/1/16, 20, 28, 11
2014/1/17, 22, 23, 8
2014/1/18, 26, 25, 8
2014/1/19, 27, 40, 19
2014/1/20, 43, 29, 21
2014/1/21, 36, 23, 9
2014/1/22, 27, 26, 11
2014/1/23, 24, 27, 10
2014/1/24, 31, 27, 6
2014/1/25, 31, 22, 7
2014/1/26, 29, 31, 12
2014/1/27, 32, 34, 12
2014/1/28, 45, 41, 17
2014/1/29, 36, 39, 18
2014/1/30, 35, 43, 17
2014/1/31, 44, 24, 8
2014/2/1, 31, 26, 7
2014/2/2, 50, 35, 14
2014/2/3, 46, 35, 12
2014/2/4, 40, 32, 14
2014/2/5, 30, 19, 12
2014/2/6, 36, 12, 22
2014/2/7, 30, 9, 12
2014/2/8, 22, 14, 7
2014/2/9, 32, 27, 14
2014/2/10, 46, 35, 17
2014/2/11, 29, 12, 14
2014/2/12, 26, 19, 11
2014/2/13, 37, 19, 15
2014/2/14, 38, 11, 8
2014/2/15, 22, 15, 13
2014/2/16, 32, 34, 23
2014/2/17, 37, 11, 25
2014/2/18, 25, 9, 24
2014/2/19, 28, 7, 17
2014/2/20, 16, 22, 16
2014/2/21, 32, 23, 11
2014/2/22, 41, 24, 7
2014/2/23, 45, 36, 10
2014/2/24, 53, 32, 12
2014/2/25, 44, 27, 14
2014/2/26, 36, 25, 9
2014/2/27, 39, 30, 16
2014/2/28, 29, 36, 18
2014/3/1, 35, 22, 12
2014/3/2, 22, 41, 15
2014/3/3, 47, 43, 20
2014/3/4, 60, 39, 20
2014/3/5, 55, 11, 19
2014/3/6, 32, 13, 17
2014/3/7, 29, 36, 15
2014/3/8, 44, 50, 19
2014/3/9, 70, 33, 19
2014/3/10, 39, 51, 27
2014/3/11, 52, 67, 32
2014/3/12, 55, 43, 24
2014/3/13, 43, 19, 21
2014/3/14, 26, 26, 10
2014/3/15, 33, 22, 12
2014/3/16, 36, 33, 17
2014/3/17, 39, 11, 20
2014/3/18, 28, 34, 23
2014/3/19, 51, 39, 14
2014/3/20, 54, 43, 19
2014/3/21, 48, 20, 11
2014/3/22, 33, 19, 13
2014/3/23, 30, 29, 23
2014/3/24, 34, 38, 25
2014/3/25, 33, 29, 17
2014/3/26, 28, 40, 24
2014/3/27, 35, 35, 23
2014/3/28, 48, 48, 28
2014/3/29, 55, 54, 29
2014/3/30, 55, 33, 19
2014/3/31, 41, 45, 22
2024/10/7, , 9, 5
2023/9/28, , 3, 5
2023/6/26, , 6, 3
2022/11/6, , 12, 11
2022/5/7, , 6, 8
2021/10/3, , 8, 2
2021/10/6, , 4, 
2021/2/15, , 3, 6
2020/3/31, , 12, 7
2019/12/31, , 10, 6
2019/5/23, , 7, 
2018/12/31, , 14, 7
2018/6/19, , 5, 
2017/12/31, , 8, 10
2017/11/22, , 6, 13
2017/9/10, , 6, 8
2017/6/1, , 6, 14
2016/6/1, , 22, 15
2016/1/3, , 21, 15
2015/12/1, , 18, 13
2015/6/1, , 15, 17
2015/6/16, , 16, 
2014/12/31, , 24, 7
2014/11/30, , 39, 20
2014/9/14, , 27, 32
2014/9/21, , 17, 19
2013/12/31, , 7, 8
2024/10/1, , , 12
2024/10/2, , , 8
2024/10/3, , , 12
2024/10/4, , , 3
2024/10/5, , , 2
2024/10/6, , , 2
2024/9/25, , , 10
2024/9/26, , , 7
2024/9/27, , , 4
2024/9/28, , , 8
2024/9/29, , , 7
2024/9/30, , , 9
2023/8/29, , , 8
2023/8/30, , , 7
2023/8/31, , , 7
2023/9/1, , , 2
2023/9/2, , , 5
2023/9/3, , , 5
2023/9/4, , , 6
2023/9/5, , , 9
2023/9/6, , , 15
2023/9/7, , , 16
2023/9/8, , , 8
2023/9/9, , , 6
2023/9/10, , , 5
2023/9/11, , , 4
2023/9/12, , , 3
2023/9/13, , , 6
2023/9/14, , , 7
2023/9/15, , , 5
2023/9/16, , , 7
2023/9/17, , , 4
2023/9/18, , , 9
2023/9/19, , , 3
2023/9/20, , , 5
2023/9/21, , , 8
2023/9/22, , , 5
2023/9/23, , , 4
2023/9/24, , , 3
2023/9/25, , , 3
2023/9/26, , , 7
2023/9/27, , , 4
2022/10/26, , , 5
2022/10/27, , , 6
2022/10/28, , , 10
2022/10/29, , , 8
2022/10/30, , , 4
2022/10/31, , , 4
2022/11/1, , , 9
2022/11/2, , , 6
2022/11/3, , , 6
2022/11/4, , , 11
2022/11/5, , , 7
2021/10/1, , , 2
2021/10/2, , , 2
2021/9/16, , , 7
2021/9/17, , , 2
2021/9/18, , , 1
2021/9/19, , , 3
2021/9/20, , , 7
2021/9/21, , , 6
2021/9/22, , , 4
2021/9/23, , , 7
2021/9/24, , , 8
2021/9/25, , , 5
2021/9/26, , , 2
2021/9/27, , , 4
2021/9/28, , , 5
2021/9/29, , , 11
2021/9/30, , , 5
2019/5/14, , , 15
2019/5/15, , , 13
2019/5/16, , , 12
2019/5/17, , , 12
2019/5/18, , , 11
2019/5/19, , , 15
2019/5/20, , , 15
2019/5/21, , , 8
2017/5/20, , , 12
2017/5/21, , , 13
2017/5/22, , , 16
2017/5/23, , , 6
2017/5/24, , , 7
2017/5/25, , , 10
2017/5/26, , , 10
2017/5/27, , , 9
2017/5/28, , , 7
2017/5/29, , , 13
2017/5/30, , , 6
2017/5/31, , , 10
2016/5/25, , , 14
2016/5/26, , , 15
2016/5/27, , , 16
2016/5/28, , , 13
2016/5/29, , , 18
2016/5/30, , , 19
2016/5/31, , , 12
2015/11/25, , , 26
2015/11/26, , , 11
2015/11/27, , , 14
2015/11/28, , , 13
2015/11/29, , , 12
2015/11/30, , , 18